,perturbation,R2_real,R2_null,R2_rand,R2_x1,mode
0,SRCAP,0.2862275737261681,0.0350088959549755,9.058390549321338e-06,0.9922588758224232,CIPHER
1,ACTB,5.7875619890235264e-05,0.1884031166816397,0.1654494641798983,0.965587989352477,CIPHER
2,METTL1,0.4192197995131724,0.0164900581458473,0.0003584290657425,0.9958250965387804,CIPHER
3,VPS35,0.0201764604577339,0.0971498036710193,0.001099255185417,0.961114660958039,CIPHER
4,GFM1,0.0662128656565638,0.0422382960507948,0.0002452201651429,0.916174662715728,CIPHER
5,LIMS1,0.2250918505495914,9.461748648187383e-05,0.00432785628553,0.9991287926860488,CIPHER
6,GPS2,0.0187547774271887,0.0136406123557314,0.0002477969016921,0.9898878635505488,CIPHER
7,MALSU1,0.081883197778159,0.0375006534099474,0.0001761129154069,0.9319722333379006,CIPHER
8,SRSF11,0.7751669839390752,0.0002141515249467,0.000807229552594,0.9990345188166292,CIPHER
9,MEN1,0.5738929536566577,0.0420887563948868,6.359743968997744e-05,0.9953458625094914,CIPHER
10,DDX46,0.4358137439248201,0.0292123039724033,3.216667679861729e-05,0.9924553988414176,CIPHER
11,FBXO42,0.0251796379879651,0.0045097317812472,0.0002454871277044,0.9983614165591126,CIPHER
12,PGAM5,0.0200161632949361,0.074247207204728,3.288918726185308e-05,0.9253256683516026,CIPHER
13,TFAM,0.225646337341471,0.0928836857079353,4.005842820786754e-06,0.8621074932065286,CIPHER
14,SERBP1,0.1401760457683277,0.0060099928135441,0.0231772719229618,0.9929410358488918,CIPHER
15,NDUFA4,0.1692473346951379,0.0355183200350667,0.0650968950340294,0.9987809994982696,CIPHER
16,CCDC6,0.3045589485036885,0.016480434318751,0.0001623896314035,0.9786150560819596,CIPHER
17,PSTK,0.2502548576651964,0.0355476917064735,0.0001302092231032,0.9955258318987328,CIPHER
18,TRNT1,0.0095854903250834,0.0036855757522064,6.801306322323786e-05,0.9407701673865048,CIPHER
19,NDUFS5,0.6961413693704024,0.0327525452103364,0.0136707382309426,0.998699415974606,CIPHER
20,CAMLG,0.0659416249193466,0.0097021722674827,0.0005211190927597,0.9952430646308478,CIPHER
21,EMC3,0.2962878696384085,0.0137137403058811,0.0001223504063759,0.994021489216552,CIPHER
22,NCOA4,0.1291960093654145,0.0533967576770902,0.0003777047140602,0.9978936699206566,CIPHER
23,DCTN3,0.6312557491983964,0.0019359783631741,0.0001050176076594,0.9858199813856532,CIPHER
24,ZC3H13,0.6033395242756812,0.00437553745605,4.261263479854449e-07,0.9355033044589638,CIPHER
25,HUS1,0.4305216279681471,0.0051772592560787,8.381450948835578e-06,0.9982761410845864,CIPHER
26,RNF8,0.7575428801195493,0.0354836165357739,1.5659175007565196e-05,0.9949361925068376,CIPHER
27,FBXW7,0.0740516277285188,0.0116620979578664,0.0002243291784966,0.9957903097511044,CIPHER
28,GRB2,0.183634842802841,2.962908382753149e-06,8.17689685697065e-05,0.9928537542463964,CIPHER
29,COX10,0.5487529119279277,0.0364274879969205,5.277744700671328e-05,0.9977335608884784,CIPHER
30,COX5A,0.0607880240414338,0.042001835370024,0.001951241706777,0.9859665239880152,CIPHER
31,H3F3A,0.8727614334753608,0.0025529607742239,0.0176330010043047,0.998255136766151,CIPHER
32,PPP6C,0.1019076842874927,0.0088427431083789,6.670314332613003e-05,0.9945288946785068,CIPHER
33,NBEAL1,0.959775019858206,0.0282501463430451,4.827904397042282e-06,0.999285545548244,CIPHER
34,MRPL46,0.042988046507003,0.0716174972234405,1.8951068698758176e-06,0.9458641458461752,CIPHER
35,DTYMK,0.3214120478626348,0.092482502916112,0.0051730742449185,0.996222361309748,CIPHER
36,SPG7,0.530628637882593,0.0104190169107081,0.0001735465099661,0.9967271325593348,CIPHER
37,SLC1A5,0.0165541001426776,0.0375549062163598,0.0020891606787107,0.9995477427038892,CIPHER
38,CCDC130,0.6348096240130032,0.0001079985016134,1.3211694526282791e-05,0.9742400909489652,CIPHER
39,UBTF,0.1797769825543448,0.001714327169169,0.0001313246525314,0.9988585167682914,CIPHER
40,ANAPC15,0.0093443917646658,0.0009656366812094,0.000345527007808,0.9996214416463078,CIPHER
41,PTEN,0.6457702269291796,0.0160033312658792,1.3014757535012578e-06,0.991674744566134,CIPHER
42,PTMA,0.0754363981156673,0.2809950031214412,0.2547697398040509,0.9917397985043026,CIPHER
43,NAGLU,0.710104059375384,0.0230934259502402,1.1838845759837293e-05,0.9983767546645688,CIPHER
44,HSD17B10,0.234670352416344,0.0570077877910489,5.419904565151512e-07,0.8689076634485075,CIPHER
45,SNW1,0.0072205799136197,0.0001750911128314,3.746640925528233e-05,0.9950962794210286,CIPHER
46,PPA1,0.2717417125410158,0.0037210405795706,0.0068408440117487,0.990148705426367,CIPHER
47,EIF4H,0.0545305426163295,0.0377217024705047,0.0015924241812576,0.9787440999451946,CIPHER
48,TBCA,0.030956907630387,0.0028449306435505,0.0249994146833888,0.9983382648782462,CIPHER
49,ZMAT2,0.6028482308052618,0.0752658432621635,1.1324273573642962e-05,0.9435939987205192,CIPHER
50,IK,0.098702483553125,0.0385235970972667,0.0006280310513497,0.9703333348359864,CIPHER
51,CHMP6,0.3234601165083237,0.0672424165306767,5.177033308711998e-06,0.894934642719084,CIPHER
52,MRPL36,0.0233189317415939,0.016241028295461,0.0002120348919713,0.913598804025785,CIPHER
53,ZNF718,0.5042313318049486,0.0400121195619954,1.5710922685041598e-07,0.9993427867367134,CIPHER
54,TMEM242,0.4938071998671581,0.0275891871313747,0.0001324357695293,0.9948201621332112,CIPHER
55,HSPA9,0.0193187520157901,0.0057127822940724,7.503258001584356e-06,0.7152002564156297,CIPHER
56,MAT2A,0.0670850356082815,0.0281299903306866,0.0016019458192864,0.994129975517304,CIPHER
57,MCM3,0.5095487199936797,0.0739954056880159,2.977085678490532e-05,0.9013916528519952,CIPHER
58,PNISR,0.5871348947203646,0.0253119805060453,0.0005334096346789,0.9936340074654372,CIPHER
59,GPS1,0.5983496943988778,0.0469124240962084,8.970332900926081e-07,0.9499996162933886,CIPHER
60,LTBP4,0.4719715367966095,0.0311682779792473,1.285545825013834e-06,0.988508354901501,CIPHER
61,TARDBP,0.5658318812172197,0.0075913455511521,0.0001025499867381,0.9859732492377936,CIPHER
62,SPCS3,0.2918180837332668,0.0006906363825748,0.0006426129144768,0.9932182462257412,CIPHER
63,FAM136A,0.0461963009695246,0.0636180680431447,0.0013261211909354,0.996298958171518,CIPHER
64,JMJD6,0.3328811082018134,0.0236458852842348,9.555715484454996e-05,0.9978998038451048,CIPHER
65,NDUFS3,0.171438666537985,0.0042428809505681,0.0006824580242714,0.9978930067865416,CIPHER
66,DCAF6,0.245475763997928,0.0006252452950553,0.0007644846354055,0.9981034954052967,CIPHER
67,SART1,0.3689714115785049,0.0285490017820547,1.017332666364279e-05,0.9085633880915626,CIPHER
68,MCL1,0.0608475140564831,0.0081818132573787,0.0010846420165111,0.9986436183365012,CIPHER
69,PDCD6,0.7172890789743307,0.0386404788541184,0.0017034278611142,0.998620268100108,CIPHER
70,METTL21A,0.681959898952603,0.0515715574013301,5.812200351262842e-05,0.9584929707926472,CIPHER
71,GFOD2,0.6702802960689829,0.0372932661344321,0.0001483823547215,0.977598601580494,CIPHER
72,TSR1,0.3350391274089543,0.0112904705665889,0.0004305623075206,0.9845585233927564,CIPHER
73,SSBP3,0.0621645761081419,0.0115851946304007,5.536399524386226e-06,0.9994369103439592,CIPHER
74,MYBL2,0.5664996459362248,0.0086051339959041,0.0007177217143765,0.9975895218251536,CIPHER
75,MRPL35,0.000612651421217,0.017486979271088,0.0003949315306233,0.9074308332277804,CIPHER
76,BCL2L1,0.319329698732067,0.0008904911195323,0.000284537945679,0.9987919020298228,CIPHER
77,OIP5,0.3389522859103128,0.0136649790961955,8.64745882345197e-07,0.9963696183532478,CIPHER
78,UBE2M,0.4978690354778492,0.0289303445996824,0.0005428914137223,0.9851280034806188,CIPHER
79,SBNO1,0.0433633644054323,0.0050265832470974,0.0001241614015866,0.981136163453737,CIPHER
80,NDUFAF3,0.5595007810644399,0.1471193750723503,0.000709797124576,0.9965136149264606,CIPHER
81,CPSF3,0.0007035869100074,0.0310712038889262,7.268755457034981e-05,0.9486385639113116,CIPHER
82,SF3A2,0.1516008936509509,1.8722544653404505e-05,0.0003326490054549,0.9677124435981104,CIPHER
83,C7orf26,0.001213096471843,0.0032031985541552,2.759687563358426e-06,0.9805143310911126,CIPHER
84,FASTKD5,0.0545240342038715,0.0088659260723625,0.0001326287668422,0.9064393922434312,CIPHER
85,PGD,0.7191716130251204,0.1152729213741466,0.0003275484898189,0.9957918233801863,CIPHER
86,IST1,0.7458873764608801,0.105000397621732,3.0013913552617844e-05,0.996859891442346,CIPHER
87,MRPL19,0.2022971695198457,0.040300934361604,1.5446538050856162e-06,0.9079732856904352,CIPHER
88,VPS25,0.1658064926233573,0.003679337390718,3.182444078109192e-05,0.9894458323634968,CIPHER
89,DERL2,0.1055796853169023,0.0024479963120646,0.0003318710374753,0.8863861870030589,CIPHER
90,MRPS11,0.0371644214789594,0.0836328814679407,2.9761755814261548e-05,0.9566486953095448,CIPHER
91,EMC7,0.1108781682308264,0.0007220728400562,0.0003426709142629,0.9950707277798888,CIPHER
92,CMC4,0.1655376757292039,0.0418469740722045,0.0002201562896767,0.971770476078402,CIPHER
93,UNC45A,0.7251163713547303,0.0295366181347986,7.333104145168523e-05,0.9923194335620772,CIPHER
94,PRORP,0.3924829289991632,0.0354947989535859,2.6673471282601117e-05,0.8622044645149585,CIPHER
95,NRBP1,0.0040847500578836,0.0289527598971368,0.0001220747234186,0.9936260498300206,CIPHER
96,EIF3L,8.03129074822273e-06,0.0003410806864577,0.0019202068286019,0.9956763516641964,CIPHER
97,ATP6V1G1,0.0468731397606324,0.0150538057968671,0.0010872783621802,0.995976739205754,CIPHER
98,CIAO1,0.5855985911946018,0.0199925658395905,1.527340846463332e-06,0.9882980779341008,CIPHER
99,PRRC2A,0.3035307793673435,0.0216884263878307,2.244364462233861e-05,0.994445990616558,CIPHER
100,NUDCD3,0.3285348368326214,0.0743640119976296,0.0002181403084077,0.9358762573435156,CIPHER
101,SRP72,0.3408823312768787,0.0007294174408587,0.0001384419331657,0.8915664835065907,CIPHER
102,PRELID3B,0.0003297304237683,0.041809621439013,1.6540321035041217e-07,0.9065733574887554,CIPHER
103,PDCD6IP,0.145173601896433,0.003215180202258,0.0090042705568145,0.9993177376100104,CIPHER
104,IMPDH2,0.0221194500112176,0.0417675372301901,0.003942312744521,0.996445464041706,CIPHER
105,MRPL34,0.1485519113805812,0.0339622571337832,3.083973184603295e-05,0.9074057206043404,CIPHER
106,VPS41,0.6487486978693735,0.0086546956027484,0.0008349876583557,0.9937843176975096,CIPHER
107,SEC16A,0.6175880433774287,0.002159256951258,9.856395270069209e-06,0.9957270054612004,CIPHER
108,NSUN4,0.0241718485592202,0.0527192675570084,0.00033175990053,0.9447367042347996,CIPHER
109,MBTPS1,0.6912641299370951,0.0012734141439321,8.429428181022658e-06,0.9978069193309812,CIPHER
110,ELOB,0.1099804599186682,0.008281267229742,0.0002858933592381,0.8362613653713283,CIPHER
111,POLD2,0.77271905499593,0.1564060300159262,4.247120159628359e-05,0.9594460058212396,CIPHER
112,NASP,0.3452242664436028,0.0093168013446043,0.0014084284286723,0.9921950102797266,CIPHER
113,PPIA,0.5215259942782512,0.1510602547301464,0.1509105181932881,0.9979283335722764,CIPHER
114,BOP1,0.3787588427461371,0.0143125445341488,1.3429252780472469e-05,0.9958059624331216,CIPHER
115,MTG2,0.0186373064998888,0.1239178383090247,5.630771370968013e-05,0.9491275060014486,CIPHER
116,EIF2B3,0.0397152398780432,0.0631208196876629,1.4212070488905937e-05,0.8493689476317985,CIPHER
117,RPLP0,0.0203021617494953,0.0190725595493074,0.0179453831870269,0.8424192824013098,CIPHER
118,CENPT,0.6936242769419092,0.0002956079595706,2.9999351944809405e-06,0.9989430222521832,CIPHER
119,WBP11,0.0082157041843239,0.0744484300359147,4.6903392310060354e-06,0.9884759470118336,CIPHER
120,EFTUD2,0.072750402752014,0.0508632881868045,1.6748641429531475e-05,0.8627657290870898,CIPHER
121,PCBP2,0.8133732576353161,0.007067512317841,0.0003971043753411,0.9976298197293788,CIPHER
122,PPP1R37,0.3672246113325772,0.0030851488496753,6.9741743174978055e-06,0.991204316909704,CIPHER
123,INTS13,0.0006527003065003,0.0143486827974483,6.52707171644451e-08,0.981962661328303,CIPHER
124,CMPK1,0.4959848317399504,0.0508986905762482,0.0001269180807929,0.958523006849205,CIPHER
125,SNRNP200,0.0023574085616359,0.0203563579825991,2.9839523187913386e-06,0.7831359183319215,CIPHER
126,NUP153,0.3246568750536917,0.0549453368966099,6.511331874325954e-05,0.9682054364465992,CIPHER
127,MRPS6,0.04850501358163,0.0014688140596145,0.0001982763088036,0.9663075234473092,CIPHER
128,TMEM214,0.0248181603241218,0.0128717202409563,6.148215010437497e-07,0.9916496306252228,CIPHER
129,MRPS21,0.0173735998970948,0.0352790702588164,6.454511422004927e-07,0.960181203571796,CIPHER
130,BCAR1,0.3891036886127583,0.0002624308077231,9.185654238996754e-05,0.9997314357625118,CIPHER
131,PLK4,0.5845882191079816,2.0856656423928754e-05,7.853655499712175e-05,0.93626120248718,CIPHER
132,NUP88,0.3590777333811404,0.0132873747485949,1.4388089922268144e-05,0.9068682718068852,CIPHER
133,RBM10,0.3755448283827859,0.0111864641961595,3.788631306755885e-05,0.9647233564696042,CIPHER
134,CHD4,0.1489954681435236,0.0018151409328371,0.0003137718853212,0.9769784662041427,CIPHER
135,UROD,0.1826046360700167,0.000332530321098,0.0007368508422662,0.9957098912383546,CIPHER
136,MRPL24,0.0161129518888102,0.1061243710746201,6.530456870867951e-05,0.9119225183670446,CIPHER
137,VPS54,0.2974319308691887,0.0562174507318936,9.555658049797966e-05,0.9938130363154212,CIPHER
138,TACC3,0.0872033681154428,0.0061447096407247,0.0022188339156692,0.998668610536942,CIPHER
139,TAF11,0.0012825738206738,0.0209137033356023,2.5052291624194645e-05,0.9639999305795796,CIPHER
140,GTF2E2,0.3333910363039649,0.0016564486069884,0.0001016590796538,0.9315469592418256,CIPHER
141,RCCD1,0.568516815142682,0.0013294186855317,8.627713873543552e-05,0.9738685710315758,CIPHER
142,CNN2,0.0169558682726113,0.0074563888508091,0.0045523814161049,0.9988058125743364,CIPHER
143,SARS2,0.0506041487697617,0.0502573543749126,4.120187728728908e-05,0.9680211616051057,CIPHER
144,ADAM10,0.4521391969575399,0.0002076865514395,0.0002756726842932,0.9846715775556916,CIPHER
145,TUBGCP4,0.6223607064369754,0.0001012902246196,8.218440009089001e-06,0.951510411438598,CIPHER
146,SNX15,0.4241583524833242,0.0730258605872267,2.187008488696573e-05,0.9993280321538216,CIPHER
147,SUPT20H,0.1003778062804839,0.1350789527933659,0.0004339267079319,0.9764407173739412,CIPHER
148,CASC3,0.1868579606213682,0.0094775132732142,1.141951692329446e-05,0.9739151343023448,CIPHER
149,NPEPPS,0.904781524784844,0.0723678654999391,0.0003845472021108,0.9985189602361692,CIPHER
150,TIMM10,0.4251580213798873,0.0211662552170591,3.6024002221135554e-05,0.9661736124321412,CIPHER
151,PPP2CA,0.5859448555897862,0.00767779924439,1.0465197204378995e-06,0.97558950947679,CIPHER
152,RUVBL1,0.2330884363119023,0.0004399682553839,0.0001740814969518,0.9370738010079902,CIPHER
153,TIMM23B,0.0957976989258884,3.6234355005104746e-05,2.076740080980688e-05,0.7497028802466339,CIPHER
154,MRPS16,0.0126254342297896,0.006458736714773,0.0010032167210974,0.9639614168480702,CIPHER
155,POLR2I,0.0651294846211848,0.0014258816180353,0.0004837688200308,0.9338407924711554,CIPHER
156,HAUS4,0.5294609668146365,0.0410165289600074,2.092034463263559e-05,0.945310263893564,CIPHER
157,PTPN11,0.7081019979320723,0.0135128548497033,0.0016033114035901,0.9983146476882068,CIPHER
158,MRPS17,0.0177826004576782,0.0345237057546305,0.0002582684717088,0.955479171777652,CIPHER
159,DNAJC8,0.7586595323694618,0.0159567859118768,0.000837609608324,0.9969663920759724,CIPHER
160,NUP133,0.0065963066809652,0.0884071681199361,2.9609742974168185e-06,0.9496626792826524,CIPHER
161,ACTR1A,0.8176391903992086,0.0324067986399081,0.0001422152601293,0.9985244319749316,CIPHER
162,DDX5,0.4358284056889784,0.0195941712807993,0.0122799466380923,0.9964764426155658,CIPHER
163,SRA1,0.6896356176619071,0.0784650840577316,0.0001062750105312,0.992918837978682,CIPHER
164,CPNE7,0.0367946626379936,4.469094886527802e-05,1.46748144697062e-05,0.992117510210042,CIPHER
165,DDX17,0.028011685960419,0.0615610343347197,0.0014286602347941,0.9927600474147188,CIPHER
166,NPLOC4,0.1566858764992232,0.0021899227888192,0.0002458266875752,0.8736641813627786,CIPHER
167,CKAP5,0.2566670187098291,0.038785982669338,5.645754244942847e-05,0.9939405405435616,CIPHER
168,KEAP1,0.3553758940213495,0.0197239663387494,0.0003530632501606,0.9333687484549312,CIPHER
169,FAM207A,0.6458058581738952,0.0172944174965172,0.0007182740210271,0.9980708026855636,CIPHER
170,KDM6A,0.580213139102784,0.0066569935602973,8.414871312290018e-05,0.9978630763092002,CIPHER
171,MRPL20,0.0690134785229197,0.0169548557288182,0.0005455415877491,0.922307440406396,CIPHER
172,AP2M1,0.8742717254290728,0.0073679470790083,0.0031050940215282,0.9978434396208964,CIPHER
173,YRDC,0.6209558254693324,0.0292342179161975,0.0002903654088611,0.9988140149688708,CIPHER
174,PTPMT1,0.0019205804905479,0.004133026572119,9.772653994044587e-06,0.9663098018864588,CIPHER
175,WAC,0.6323255921917288,0.0747774877825908,5.049565791237498e-05,0.9788940532502988,CIPHER
176,ZNF706,0.0581891429960389,0.0085393359717316,0.0067682986873828,0.9989174127895124,CIPHER
177,TSEN34,0.5039516839131373,0.0030543049460786,0.0007229766184783,0.999198050179312,CIPHER
178,XPO5,0.136212779444168,0.0049703775089693,5.888489415206699e-05,0.9963263919876912,CIPHER
179,UPF2,0.3671972355778417,0.0017399077523942,5.029849419191379e-07,0.9671972350911976,CIPHER
180,CENPW,0.5380914232645013,0.1077219869750724,2.2247428795862945e-05,0.986201754324598,CIPHER
181,C17orf58,0.8960252460106429,0.0317275527425817,5.359232518953316e-05,0.9977354419725576,CIPHER
182,EHMT2,0.0113308400757629,0.0046763636102047,5.663067144812128e-05,0.9810018606443982,CIPHER
183,CCNK,0.0911333874789961,0.002702586026374,2.814094407499468e-06,0.9980106987258144,CIPHER
184,CLOCK,0.114156312363834,0.0054849093602464,0.0001775878610051,0.9686115382877366,CIPHER
185,FAM50A,0.1683406357561701,0.0338273483593019,3.3966931115236854e-05,0.9703793270015474,CIPHER
186,NDUFA11,0.0312498756143838,0.0026680964006571,0.0177914753654531,0.9974707498852216,CIPHER
187,NUB1,0.383658956513656,0.0067937740508493,0.0002646352044778,0.99198910330076,CIPHER
188,DDB1,0.5083057555895825,0.0383857702934182,0.0001872099874272,0.9847358587194956,CIPHER
189,MON1A,0.8303986159563254,0.0137396459280788,2.858257762217153e-05,0.9880186614307954,CIPHER
190,HNRNPA1,0.4439645760246637,0.0008353268947669,0.0113665090738251,0.9884106831308964,CIPHER
191,INTS8,0.0396971489196481,0.0356144601933748,2.4464629025944262e-06,0.8898447994920036,CIPHER
192,THAP1,0.1821170232757432,0.0276107720211072,3.90607495648343e-06,0.845115731957345,CIPHER
193,RHOQ,0.0591932702472981,0.0117108771724698,0.0011663708530263,0.9993559017891668,CIPHER
194,KPNB1,0.470598667290497,0.0136114241859169,0.0001822028508082,0.9490702007577408,CIPHER
195,PHAX,0.4285557981144414,0.040491936141669,1.6556764031006033e-05,0.9763407498960096,CIPHER
196,EGLN2,0.0400035151134181,0.0093115923834113,0.0001768283484214,0.9953142735976936,CIPHER
197,KLC2,0.1831485671558134,0.0436336098908848,0.0004184512741284,0.9983387299593384,CIPHER
198,ACIN1,0.9217702483789444,0.0035844769888061,9.187819510203532e-06,0.9985934483171098,CIPHER
199,PDCD5,0.1759171320623634,0.0145649522322115,0.0024093609765004,0.9933953748334006,CIPHER
200,GTF3C4,0.4285869442353008,0.0025136186275429,2.83401647340753e-05,0.9929205247597844,CIPHER
201,UBR5,0.6120372641484817,0.0051004449840434,1.861580668294227e-05,0.991036333857412,CIPHER
202,CDT1,0.3762951460836393,0.0182562128618074,4.810378985309338e-05,0.9084334402933916,CIPHER
203,NKAPD1,0.1365437740498805,0.0552445583752677,0.0001263332274912,0.9791273561141716,CIPHER
204,BAP1,0.6926134657894301,0.0077217767532409,4.356221714940656e-05,0.9825304439905584,CIPHER
205,WDR54,0.1709906150925516,0.025002566809827,0.0038885940953111,0.999370071297354,CIPHER
206,GET1,0.086341435956922,0.039721622300971,2.3050722402384597e-05,0.9970800419737084,CIPHER
207,CSE1L,0.0107106826643191,0.0022253707688673,1.0546017714663237e-07,0.8768801049628184,CIPHER
208,PHF10,0.6740303779827447,0.0859165155306623,1.1196983284555984e-05,0.9891241685954338,CIPHER
209,MMGT1,0.1705830790094504,0.0045676003068833,6.196108016909285e-05,0.9971031899814644,CIPHER
210,NISCH,0.7663882584603932,0.0002184342530229,7.511337221144387e-05,0.9990761607854448,CIPHER
211,DCTN1,0.885309629655532,0.0030571438439636,0.0002694762852927,0.9985984266503836,CIPHER
212,HNRNPH1,0.2510304712590786,0.0003221503849561,0.0015302953009312,0.9841717941559884,CIPHER
213,STXBP4,0.7610852784243244,6.339914601338759e-05,4.840009721029936e-05,0.998262659910206,CIPHER
214,SIRT7,0.5199783579990614,2.2474017286611137e-05,0.0002455841910766,0.9851176360819748,CIPHER
215,PRKRIP1,0.4622001580262793,0.0054225319242741,6.645228461810149e-05,0.9989534045645332,CIPHER
216,RPL41,0.1301633030745291,0.8043690628830049,0.6184900816954828,0.9872308933111964,CIPHER
217,ATP5PO,0.1741745812294728,0.0016857096937037,0.0036834159430756,0.9875193055293372,CIPHER
218,SS18L2,0.8319959067484327,0.0325711503658467,3.357458628228116e-05,0.9986003073028122,CIPHER
219,ANAPC13,0.6304132304652901,0.0248806842452421,0.0003744668380452,0.996238889469809,CIPHER
220,CHTOP,0.7875784828764093,0.034434953488288,8.660756195510988e-05,0.9982007970979232,CIPHER
221,SHC1,0.4680779616385132,0.0006319800864386,0.0014763636561589,0.998809091979767,CIPHER
222,DSTYK,0.4806215753791728,0.0012498683103947,3.503165656193463e-05,0.9865122488712688,CIPHER
223,HSCB,0.7213878451155957,0.0320522928405044,5.666152563066351e-05,0.978136813634026,CIPHER
224,MRPS23,6.907085907803534e-05,0.0181326634941281,1.5117544174270137e-06,0.9601703653255864,CIPHER
225,PRPF3,0.1542615263465941,0.0036530945605389,4.256353625564646e-05,0.8644865858460546,CIPHER
226,TM7SF2,0.3789672178622433,0.0217745198659966,9.681047394038966e-05,0.9988309700505268,CIPHER
227,TFRC,0.660835868124903,0.0227797606185091,0.0004500308847336,0.9986138524242154,CIPHER
228,TAF13,0.4472580444564766,0.0121540441134718,1.1361330821690885e-06,0.9442930152455864,CIPHER
229,MRPS35,0.0180245007435725,0.0010452984373592,8.47746663401594e-06,0.9526559217765846,CIPHER
230,UFL1,0.1605663173880488,0.0265787084720582,0.0002615955456723,0.9928656363452136,CIPHER
231,MCM6,0.6094416745141178,0.0041305923176635,7.75102364003466e-06,0.8849495884866441,CIPHER
232,RPA3,0.4488457341407972,0.0050830623224014,5.371237589701927e-05,0.9024897540444295,CIPHER
233,POGLUT3,0.5731468821129204,0.0181662549613037,4.580114219665532e-06,0.9928578425981076,CIPHER
234,PSMB5,0.008031803448038,0.005243614361711,8.589067655329075e-06,0.4414155265943321,CIPHER
235,HNRNPL,0.6898377340874815,0.0057290629655741,3.29115105335287e-06,0.9775406378856316,CIPHER
236,DDX42,0.6002443537412887,0.0030689245258012,0.0001468958133612,0.9987605819034612,CIPHER
237,DAP3,0.1969032965194176,0.0250300549162425,0.0001729051404143,0.953926699673285,CIPHER
238,DDX19A,0.3406330824768834,0.0054826530914726,5.711782944395338e-07,0.9879147505775746,CIPHER
239,KRT8,0.1074501949833836,0.0005759217291971,0.0133769322801818,0.9992102040718852,CIPHER
240,CDC16,0.8310060001454501,0.0030077100602959,1.060967313482042e-05,0.970801196596594,CIPHER
241,PCBP1,0.7467884317438469,0.0071275727014357,6.498713950497947e-05,0.9909882872527046,CIPHER
242,GNPNAT1,0.592246300890137,0.070119530267555,0.0007272268830119,0.9987651817048094,CIPHER
243,NEDD1,0.4332913623779905,0.0380400629949757,8.549897470178092e-05,0.996323518831524,CIPHER
244,PRPF31,0.0257155571460062,0.0062123453094693,5.497329465076195e-05,0.8514191260865338,CIPHER
245,TXNL4B,0.8328043578662225,0.0490660929094892,1.2853809608470712e-05,0.9959139724317853,CIPHER
246,USP39,0.2582110028636611,0.0155011236564688,0.0001793200894824,0.9847728225365736,CIPHER
247,UXS1,0.385712193062743,0.0954929744703945,1.4491485089696e-06,0.989835838803908,CIPHER
248,NARS2,0.0086140774144299,0.0252922551725101,3.7330454182415984e-05,0.9353631635597756,CIPHER
249,MIER1,0.0587335944071131,0.0812687694589143,3.53056687574238e-05,0.912359184228492,CIPHER
250,ZDHHC7,0.5282295033257307,0.0039367658857843,9.27132462291702e-06,0.9906868714084296,CIPHER
251,HAUS8,0.3783915298025568,0.0001203379604723,6.167464398421085e-05,0.9769838937180552,CIPHER
252,THAP11,0.4960409922683194,0.0510011583985664,4.053624358291152e-05,0.9864346120924844,CIPHER
253,INO80C,0.0261676747087742,0.0525200201051303,1.9527010637343523e-06,0.9963720749083782,CIPHER
254,NUP98,0.0109816513235823,0.0169581824134668,1.1097375593238644e-05,0.8427888814686204,CIPHER
255,FBLIM1,0.0223417733330655,0.0024223235636962,0.000550480038482,0.9983809903151516,CIPHER
256,TPR,0.0222160987676144,0.0210555639158718,0.0021336870390288,0.9792598277149828,CIPHER
257,THOC7,0.8269503791636056,0.0082938340807768,5.785692097382e-05,0.980368679680804,CIPHER
258,DDX1,0.3454324525591442,0.0086240321270458,0.0008702794460974,0.9938750159697473,CIPHER
259,QRSL1,0.0310644888630523,0.1093457602788896,3.031632775207793e-05,0.9676368718688196,CIPHER
260,PNPT1,0.0755413367196859,0.1109356441043351,3.32535191349681e-05,0.8421112580795456,CIPHER
261,CHCHD4,0.1074378861013287,0.001209380307703,4.547777939878373e-05,0.947351562181718,CIPHER
262,TWF1,0.0395011179808603,0.0151790347037925,0.0118899562806273,0.9997412567134966,CIPHER
263,SDHAF2,0.226409017807821,0.0174906165257195,0.0001819015971372,0.9974313880272084,CIPHER
264,KDM5C,0.0226396568766725,0.0510344489779038,1.5371314265877345e-06,0.9957727192501764,CIPHER
265,COQ2,0.0477861533268929,0.0051647607547816,0.0001768147521754,0.9983836404557602,CIPHER
266,SLC7A5,0.7161915333668639,0.0026547280775287,0.0007234377209608,0.999122429210617,CIPHER
267,TPT1,0.7026321302699045,0.129634516554185,0.0986586706244903,0.9819441183875172,CIPHER
268,SON,0.1767358954440068,0.0078319438444498,3.7800847996205533e-07,0.9789683449822982,CIPHER
269,DNAJA3,0.2022427330375195,0.0052945649012901,1.2545695899923714e-06,0.8008815672691825,CIPHER
270,MED19,0.0039428645159164,0.0396564311649743,0.000112575812236,0.9230630508910164,CIPHER
271,MRPS30,0.081378220953443,0.1977736040418748,2.1711261108836588e-05,0.9202496740858196,CIPHER
272,ZNF207,0.0186274938432509,0.0092875169966701,1.4338086051779444e-07,0.938772766381945,CIPHER
273,ENO1,0.5625355876227611,0.1206339691687291,0.1263038200439064,0.9945028501372828,CIPHER
274,NELFB,0.5701411465833672,0.0003602390628237,1.736486569559048e-05,0.96715872274391,CIPHER
275,KRT10,0.4397451698508269,0.0047763724926387,0.0126515609805214,0.9995222870126164,CIPHER
276,GARS,0.063114650767265,0.0073825680167207,0.0008055900491343,0.9813789562938934,CIPHER
277,MAD2L2,0.5142787420887751,0.0037746881648796,1.0243566736067857e-05,0.9958524720027198,CIPHER
278,SLC7A6OS,0.0860707471648376,0.0026969474383037,8.848166813046898e-05,0.976401497734228,CIPHER
279,USP14,0.7678366628301966,0.0034064950062659,0.0003009312797224,0.9854060189283383,CIPHER
280,MRPL1,9.512706050540665e-06,0.024277741748336,0.0004328539483372,0.9891548171102892,CIPHER
281,ELL,0.6501217381074413,0.0715021812390842,6.874835749370867e-05,0.9677419179824932,CIPHER
282,PPME1,0.0317764681846188,4.389231593737719e-06,0.0008237217303128,0.998502640389077,CIPHER
283,UQCRC1,0.6818714230010945,0.0007452258818811,0.0007948484512423,0.9983309647428468,CIPHER
284,PSMG3,0.5731608395383592,0.0495381753389497,8.074818004577544e-06,0.9892274223305648,CIPHER
285,ADSL,0.6295209116383568,0.0005558948907051,0.000633620487274,0.9985264236024028,CIPHER
286,MBTPS2,0.1607036388838461,0.0533948848341567,0.0001623105933894,0.9970812778914068,CIPHER
287,YTHDC1,0.3712967688313964,0.0294248813488964,2.299452040888106e-05,0.8766399642176791,CIPHER
288,MFN2,0.5281850594816548,3.0569457664109123e-06,4.1348933785601005e-05,0.9919404751405878,CIPHER
289,HSPE1,0.0213275538748333,0.001159275598873,0.0004908619335342,0.7768758643248241,CIPHER
290,PPIL1,0.2777868434158563,0.0005411549508318,5.847882109888403e-06,0.9981677238673952,CIPHER
291,RTTN,0.6128903955784073,0.0117246882877442,2.4897418316127684e-05,0.9915900015621336,CIPHER
292,MAD2L1,0.1420265360582551,0.0344902647689333,7.567539757613595e-06,0.9604518333220102,CIPHER
293,TP53I13,0.0084390154767934,0.0660076274932099,3.02018738139731e-05,0.965504336042456,CIPHER
294,HMGCS1,0.2170165740391462,0.0051166798490788,1.1934071697528026e-07,0.9931913116651236,CIPHER
295,PPP1R8,0.1275400028902796,0.0247147181591133,1.6572603831810362e-05,0.9809769369681226,CIPHER
296,CACNB3,0.3474949701964126,0.0051717864205731,5.69818422979651e-05,0.9995829587310467,CIPHER
297,TEFM,0.1602368041616308,0.0266664514490266,4.386957721203011e-06,0.8331876973653294,CIPHER
298,BTF3L4,0.195564792958248,0.0216562218337024,0.0027046517618126,0.9984274744939982,CIPHER
299,POLRMT,0.2899406987856811,0.1128232671931149,3.691131400529457e-06,0.7549871049928749,CIPHER
300,ZRSR2,0.1480620172707778,0.0536759921032681,3.752465354145418e-05,0.9937627510276248,CIPHER
301,INTS14,0.2843907596455366,0.0082741006786088,6.939787804760567e-05,0.9741778230392428,CIPHER
302,PCID2,0.5097956387124263,0.0494802699233369,8.915218588367857e-06,0.9951747492494992,CIPHER
303,VPS37A,0.0005257069083356,0.0014070251283015,0.000316436899493,0.9978841417493156,CIPHER
304,BTF3,0.3718520422898961,0.0025006992244569,0.0041049212905758,0.9592326502698332,CIPHER
305,KIAA1143,0.0211526382990872,0.0025495798582344,2.0417572152653385e-05,0.9988022075974056,CIPHER
306,TEAD3,0.8556873976423547,0.0234574338208782,7.93283931650457e-05,0.9990593338727448,CIPHER
307,PSME1,0.5612651544205343,0.0246421071236532,0.0005480234757473,0.9897527624428856,CIPHER
308,C1orf109,0.8389677262838198,0.0417769870937652,9.44150331440019e-05,0.9991787973567235,CIPHER
309,EPB41L2,0.7275173724865017,0.0073348271619244,0.0001441018897834,0.990119902451136,CIPHER
310,FYN,0.6431421058082285,0.0417751298676913,9.362634722231976e-05,0.9814696021447784,CIPHER
311,CFDP1,0.2838930394105824,0.0146681561355375,2.452844425016032e-06,0.9912871104872684,CIPHER
312,PAXBP1,0.0675556510736189,0.0030944876561141,7.305201967455765e-06,0.9478476898240884,CIPHER
313,MRPS25,0.1598047258281604,0.0810932214458913,1.7170904525354302e-05,0.9581835712376894,CIPHER
314,MICOS10,0.0028891510199764,0.1704368792688029,0.0255300337191678,0.9976866799329852,CIPHER
315,DOLK,0.8338307746485554,0.0027032250418718,2.1483958874135567e-05,0.9896113749386692,CIPHER
316,PMF1,0.4765334951944747,0.0160337856658828,2.442972405680699e-05,0.9815614635342635,CIPHER
317,RAD51D,0.8275352145516416,0.0042902460241809,6.08563370363413e-06,0.9964322513896496,CIPHER
318,TIMM8A,0.1121366871630602,0.00283033098388,0.000570581248477,0.9978097707939196,CIPHER
319,SP1,0.135228410044667,7.807938331116926e-05,3.649384306525505e-06,0.9935279083032698,CIPHER
320,EEF2,0.4428240596332036,0.0021654116659217,0.0004061571548076,0.8903805101895815,CIPHER
321,NDUFA3,0.0860753342754544,0.1194410272651492,1.622907283849173e-05,0.9639360816801013,CIPHER
322,DPY19L4,0.6602242300643233,0.0036279676224147,0.0004609068165671,0.9884485521281756,CIPHER
323,DBR1,0.1290941102690574,0.0159350705073719,7.875393899148264e-05,0.937342965929282,CIPHER
324,TKT,0.7931293890819222,0.0029409913509891,0.0150845171872326,0.9988678178680896,CIPHER
325,GMPPB,0.4294447188006592,0.0029100351013714,0.0005798962904923,0.9985871482706504,CIPHER
326,TMX2,0.000560622579234,0.0059118636686366,6.246489405514755e-05,0.9691813758162708,CIPHER
327,PARN,0.2081723658489686,0.0353092526330218,0.0001430836954995,0.9927893264210584,CIPHER
328,STRIP1,0.7216827343331133,2.7260350266566924e-05,7.976740471915544e-05,0.9982773530821984,CIPHER
329,CDK6,0.7497174344654345,0.0012311112999822,4.5255296698965e-07,0.9989270317054842,CIPHER
330,TTC4,0.1978071690061316,0.0371698413660246,6.203958863870707e-05,0.9868005125067276,CIPHER
331,TTC1,0.0050309898231414,0.0003047977927019,7.158375013749385e-06,0.862889680027827,CIPHER
332,ATP6AP2,0.0152264778224427,0.0061332859712145,0.0003377309906072,0.9933345784209768,CIPHER
333,LSM12,0.3930851217122624,0.0033619078162148,7.574729535431146e-05,0.9943358050275406,CIPHER
334,LAMTOR1,0.1133892903931288,0.0238947416644114,0.0013816792041458,0.9860693176170616,CIPHER
335,NFYC,0.6159812068089381,0.0008823268700631,4.913319979427122e-05,0.9519339981327524,CIPHER
336,TUBE1,0.036690162926851,0.0004105784788412,0.0002268449473442,0.9980487840359318,CIPHER
337,EIF1,0.1931339919809744,0.0413737633946424,0.0438341336391021,0.9896640597002174,CIPHER
338,NCAPD2,0.6687054815555988,0.0712053462922145,9.924005645556289e-05,0.9787279335067396,CIPHER
339,NDUFA6,0.8735824014670243,0.0046072094632712,0.0009520315325024,0.9982454776859908,CIPHER
340,ORC4,0.884332183903409,0.0145873171526439,3.296847667955127e-05,0.9941751639879476,CIPHER
341,CABIN1,0.1857339903360582,0.0013576793390307,8.279919235409938e-05,0.9971445313973192,CIPHER
342,HSP90B1,0.701980032955721,0.0365972583996921,0.0272983849662225,0.992051158571483,CIPHER
343,UBE2L3,0.8793812468607985,0.0218799756439866,2.847511532266811e-05,0.9920969440719972,CIPHER
344,PRMT5,0.3698341347655539,0.0408137499601704,0.0001587695756204,0.9942224257838764,CIPHER
345,MSRB1,4.994681359871134e-05,0.0312305588338897,6.154842036254493e-06,0.998649525287564,CIPHER
346,ZNF292,0.1014433683348541,0.0129207012503664,0.0002209742011248,0.9896953625338072,CIPHER
347,MRPL54,0.0254803896927959,0.015233694657034,4.707716821927832e-06,0.9237036615515252,CIPHER
348,MLLT6,0.4004528878272289,0.0205922597861868,8.232354470361081e-05,0.9714769781539154,CIPHER
349,SETX,0.1783023701640215,0.06741826232545,0.0001221126693121,0.9915869911513074,CIPHER
350,PPP1CA,0.2298943624301229,0.0001394061041002,7.408894179383729e-06,0.9845132145811246,CIPHER
351,E2F6,0.4677810683100579,0.0049663842882164,1.6000131037086085e-05,0.9989903703901516,CIPHER
352,CFL1,0.0261941749053198,0.2402824602484216,0.1870514296080156,0.9929047773624424,CIPHER
353,KDM1A,0.1006942567165091,0.0013907108943364,0.0002827238287815,0.9929129552716716,CIPHER
354,DHODH,0.0029245463450726,0.0208924210860304,4.6891153966943655e-05,0.9987564831770004,CIPHER
355,C9orf16,0.1644954639938619,0.0264791586025885,0.0020553820093005,0.9968425338454274,CIPHER
356,GLRX5,0.1046585205398537,0.0119183753028276,0.0003201586503872,0.9818606012755704,CIPHER
357,ELP5,0.0078829285526759,0.0236943406061241,0.0001453857458,0.985473633118027,CIPHER
358,MRPL38,0.0317719827287747,0.0361566064302975,5.003975610207156e-06,0.9102637987613134,CIPHER
359,RNASEH2C,0.7161379727171212,0.0025528952387567,0.0001222230112576,0.9923386141439996,CIPHER
360,WTAP,0.6009683264527583,0.0369563404455244,1.5162852675665306e-06,0.9774660912793622,CIPHER
361,FNBP4,0.0284659543187671,0.0030784436420944,1.8276015647633592e-05,0.9800577685001708,CIPHER
362,SLC25A10,0.0129718319540685,0.0002596621220459,3.698967137910625e-05,0.9620040479436404,CIPHER
363,TRMT10C,0.3633546439692131,0.0682199864707,0.0002791304332242,0.8651049617135596,CIPHER
364,ATP6V0C,0.1886770971153093,0.0194663666864719,0.0030159653965068,0.9947631248540604,CIPHER
365,LTBP3,0.5807452010456835,1.3992663594475374e-07,0.0005364476261895,0.9992083348727744,CIPHER
366,FAF2,0.7534452650313472,0.0089589472933734,3.375671637773081e-07,0.9942425392897872,CIPHER
367,JAZF1,0.8780368648978525,0.0013274883746313,6.138776900144194e-07,0.9937665041871246,CIPHER
368,ANKS6,0.0322785763171127,0.0189772302408318,0.0003211527995664,0.9990277105482877,CIPHER
369,PPP2R3C,0.4894627317510642,0.0029784563172631,-4.840603029521162e-09,0.9037503625317616,CIPHER
370,PKM,0.8055264246682792,0.0323257719536254,0.0171705356989536,0.9962548635221692,CIPHER
371,TNRC6A,0.2289952215821488,0.0001370282962281,4.1982257885875285e-05,0.9640012612655202,CIPHER
372,ELP3,0.0541882515767383,0.0387206761232092,0.0001040215383328,0.9641857318421212,CIPHER
373,MRPL10,0.0435622077755113,0.0252946852818701,5.4084956996658384e-05,0.9072111003297468,CIPHER
374,MRPL16,0.0205376305916723,4.009562361129149e-06,0.000275554764,0.9117652702600084,CIPHER
375,RAC3,0.1257420113111631,0.0029952715354153,3.4411550173474303e-05,0.8662422724185441,CIPHER
376,ISCA2,0.0008114994180383,0.0162407967971653,2.244882099100565e-07,0.9731263300049204,CIPHER
377,ZBTB17,0.0467244170735575,0.0035685718612681,2.0972726000323405e-08,0.9928973649932632,CIPHER
378,GBF1,0.2091167416348858,0.0143748493819427,0.0001451372549545,0.8806844331310952,CIPHER
379,COMTD1,0.0427005825710949,0.03908529856559,3.122594624305197e-05,0.9911968148409024,CIPHER
380,ASCC3,0.5058036865989297,0.0253515394375261,6.1001708426711154e-05,0.9586765829077096,CIPHER
381,TBPL1,0.5828685099452535,0.0056798299082095,8.294893573579376e-05,0.9831248925430984,CIPHER
382,DDX23,0.0065731295111692,0.0131326711984783,0.0002012224553298,0.8770430018937311,CIPHER
383,RAB4A,0.010593001737682,0.0858772051859132,0.0001930143897476,0.9715263750758888,CIPHER
384,MRPL15,0.0105290887552399,0.0413812598805122,2.802328985374025e-05,0.9069885239549608,CIPHER
385,EIF4B,0.4941419498337756,0.0109134804558456,0.0015580855073494,0.991580738148956,CIPHER
386,TUBGCP2,0.6876284302557545,0.0061111416571502,0.000101182654942,0.9626977984421672,CIPHER
387,RSL1D1,0.5789211768660729,0.032149920944628,2.821947509290545e-05,0.99176406893845,CIPHER
388,SPTSSA,0.6665466944320853,2.636192062421827e-07,0.0001589594719684,0.9969648226917368,CIPHER
389,NELFCD,0.0364774887630102,0.0043493748838694,5.6040381291921904e-05,0.9461369796569448,CIPHER
390,SF3B3,0.0010868080585593,4.9107519261126775e-05,0.0001776412965149,0.9211617273068708,CIPHER
391,CHORDC1,0.3309658464730266,0.1508826145696066,0.0001094379404276,0.9934349348481488,CIPHER
392,METTL3,0.4029165659692748,0.0328126633169345,0.000108464660133,0.9708170040589434,CIPHER
393,RABGGTB,0.0241427203718852,0.0036536243540463,7.468814590683159e-06,0.939507248947542,CIPHER
394,EFR3A,0.7820980271249548,0.0099718789451032,0.0002265471233771,0.9981336594343312,CIPHER
395,GRSF1,0.0057367413362847,0.0891939982969122,8.774866248228985e-05,0.9393775644287544,CIPHER
396,DHX30,0.0626987415522914,0.0903503470896531,5.315319535015295e-05,0.9043827491366454,CIPHER
397,ING3,0.0097790823568555,0.0013149166042139,0.0001572685857401,0.9894085923786382,CIPHER
398,SNRNP40,0.6141623863865003,0.0550950364456404,0.000457895741001,0.99361222755218,CIPHER
399,LSM10,0.8934858472817333,0.0374695899839042,0.0002491564879193,0.9868373413356364,CIPHER
400,METTL17,0.0012405509972923,0.0737946101281294,2.250843143036807e-05,0.9620258441093952,CIPHER
401,MRPL27,0.0467170551093493,0.0075512825429456,0.0002899518223555,0.9122694108160728,CIPHER
402,WDR77,0.3461407543272246,0.0004402582707219,3.854617017351458e-05,0.9795747221310304,CIPHER
403,THOC6,0.133160733911626,0.0425485391864798,0.0001878044409299,0.997919900996737,CIPHER
404,PXN,0.5491779382069109,0.0080982990788482,2.433479098185032e-05,0.9925570900672116,CIPHER
405,NDC80,0.330088330738575,0.0425775665756066,0.0001501761785094,0.9378020417449128,CIPHER
406,NAPG,0.0019240594785699,0.0614827866136679,8.423785971212183e-06,0.9783913459434408,CIPHER
407,TOX4,0.4837713813617058,0.0008886513628811,0.0002449741165169,0.989321035170976,CIPHER
408,GUK1,0.3093759632701062,0.0291959438259896,0.017413541790472,0.9971375506304676,CIPHER
409,ATP5F1B,0.1784940361742006,0.0007539958244996,0.0052105072152537,0.9875285866534582,CIPHER
410,MRPL41,0.0609694159618456,0.0014558074522824,0.0006975570451517,0.915570321831847,CIPHER
411,HIRA,0.0088125409261258,0.0009991928988893,3.3180289435108534e-05,0.9871542121157962,CIPHER
412,TRA2B,0.4165279199663296,0.0447014740443432,0.0001352868547583,0.9858358395885,CIPHER
413,HSD17B12,0.0116606865079093,0.0211212482999717,0.0010173275958307,0.998748606788597,CIPHER
414,TUBB2A,0.7428261658037983,0.1275941028303512,4.344320370175403e-05,0.9946359992980058,CIPHER
415,SLC39A10,0.6530185317653536,0.0162623702115471,0.000349323962251,0.9920743647702462,CIPHER
416,SRSF7,0.2592892593805793,0.0040698424079599,8.563284525497927e-05,0.9410686166239084,CIPHER
417,COPZ1,0.1592346726048205,0.0037806968532803,4.17582223588564e-06,0.9957383172574572,CIPHER
418,RNF14,0.333327104001517,0.0386033053215458,0.0002423897902678,0.9991692271184384,CIPHER
419,UBA52,0.5606015069889068,0.0058604936650955,0.0018699836345251,0.9723391608888926,CIPHER
420,XRCC1,0.0001755593185657,0.0217194692907668,3.286722523032637e-06,0.9980542988517724,CIPHER
421,WDR4,0.6796323786568712,0.0552460389885525,2.841070926296041e-07,0.997895358983844,CIPHER
422,NDUFB7,0.3621612181434475,0.005377167623928,0.0054472166801299,0.9982708768007988,CIPHER
423,HMGB1,0.4413081243481865,0.012332645852611,0.003796676741374,0.9926413742306948,CIPHER
424,TUBB,0.0048580925361565,0.277401252311528,0.2397873738877002,0.9959192241672769,CIPHER
425,SRSF6,0.0629192924189361,0.0027067879300203,7.859622372641262e-05,0.9934586315846884,CIPHER
426,RBMX2,0.05068173327976,0.0011501919824195,1.3088285644169417e-07,0.8954626793755556,CIPHER
427,BRIP1,0.7250304052945661,0.0032795208133425,4.85890484980267e-06,0.9917115336547015,CIPHER
428,EIF2B5,0.0273031505035502,0.0072718065806491,2.359259249917756e-05,0.8709376987963768,CIPHER
429,DOHH,0.1240748655883987,0.0411460225829339,1.1983435249662833e-06,0.9918668845071508,CIPHER
430,MTOR,0.3261842845414838,0.0209709000500576,2.4466232784181585e-07,0.93535239473711,CIPHER
431,TSFM,0.2224304473459674,0.0050595050302928,0.0003305808675473,0.9465821289764156,CIPHER
432,DAXX,0.5217645357717504,0.0508101317894977,9.771638531996808e-05,0.9802775940979014,CIPHER
433,MANF,0.4508249432224346,0.001518814929159,0.0055718506009432,0.9988985355831208,CIPHER
434,ARPC2,0.1108024574843573,0.0201729666407119,0.0095246764346998,0.99168897825955,CIPHER
435,HSPA8,0.1584656303627188,1.322003158144014e-05,0.0028031221056502,0.9964372146967856,CIPHER
436,EIF4G2,0.3213307292672901,0.0043816113631772,0.0069128027401569,0.9872892330671652,CIPHER
437,PYROXD1,0.3489943761315685,0.0149756428717359,7.691044132451808e-06,0.9876086902870748,CIPHER
438,MYSM1,0.6259529216592499,0.0195927431430041,1.6870272206315207e-05,0.9951969295075423,CIPHER
439,SMG6,0.37513528062189,5.79874383856982e-05,0.0001911370064042,0.988987518549047,CIPHER
440,NAA25,0.7962139286607491,0.0188800528952817,1.4023016530528842e-05,0.9811875863491016,CIPHER
441,PRKCA,0.5592515788802372,0.0117554056052859,1.9145341989545986e-07,0.965719958424036,CIPHER
442,DDX19B,0.7840400517566666,0.0014365480418397,1.510316121056121e-07,0.9994128837935856,CIPHER
443,EWSR1,0.2720022429183095,0.0444200043024357,0.0002076033994321,0.9962768480500532,CIPHER
444,ATP6V0B,0.1904631177617218,0.0009534707075343,0.0012359776522803,0.9939059834848268,CIPHER
445,GAPDH,0.0008540267227119,0.8251902525850495,0.6490259103587231,0.9605481519047304,CIPHER
446,NAA30,0.642892706234518,0.0331780786819605,2.096604918666589e-05,0.987280208938713,CIPHER
447,DPH6,0.2303059892589211,0.0959489663913413,2.5571038648641853e-05,0.9988967855481742,CIPHER
448,PRPF39,0.462866388020701,0.036571148606537,3.0753091073698613e-06,0.9960046977008074,CIPHER
449,SNAPC3,0.2445968002020407,0.0028526883224531,2.0490163586739385e-05,0.9632408008108212,CIPHER
450,RPP21,0.4058722283402164,0.0351448028306922,0.000477955451128,0.980340785348799,CIPHER
451,ZNF574,0.7946148774666043,0.0038496227535522,6.921648427526961e-06,0.9931773935118232,CIPHER
452,TFB1M,0.0001402809026515,0.0074061260547997,1.964089306416561e-06,0.97315841542098,CIPHER
453,MRPL39,0.0181807486486217,6.375695091698219e-05,8.201039873356741e-05,0.8888583650426904,CIPHER
454,STAG2,0.0428619574237,0.007748015359863,0.0004633184605618,0.9970273885500204,CIPHER
455,TFDP1,0.8589733982979806,0.0454104953239249,7.920851556753039e-05,0.9831638225333894,CIPHER
456,ELAC2,0.1823646195419281,0.1054201842095496,5.998298080456267e-08,0.8793542344831435,CIPHER
457,SPC25,0.1302021326424861,0.0507880731647576,1.3778094622107773e-05,0.9270445476508028,CIPHER
458,RPS13,0.1192392026383247,0.028408235880029,0.0127872994024215,0.8593242453255852,CIPHER
459,LIN54,0.4482712101730134,0.042367734223173,0.0001555644094696,0.9816126378280804,CIPHER
460,MRPL4,0.0002209079589771,0.0407793578579879,4.407132190842322e-05,0.9104384235132612,CIPHER
461,RTRAF,0.2451753984054114,0.0178569615185344,0.0009377497720794,0.9852544591382036,CIPHER
462,SUDS3,0.170153938084016,0.0003151988118751,3.202656777534507e-05,0.9719227566568562,CIPHER
463,SCD,0.4172720784836796,0.0258863946735626,5.012930502568125e-05,0.9983808773178976,CIPHER
464,SLC35G2,0.4062783357829973,0.0452536400269115,0.000145387013794,0.9978695108161556,CIPHER
465,KTI12,0.019119046253052,0.011684835732257,1.1924754295122852e-07,0.98652074992459,CIPHER
466,RARS2,0.5941326716180981,0.0005041318658794,4.643467485410113e-06,0.9655040087703624,CIPHER
467,SFPQ,0.0579230208859538,0.0061842248535384,0.0002088762525995,0.8931776724306488,CIPHER
468,MKRN1,0.6342372022871452,0.0423663365305067,4.0240694775817154e-05,0.9988045802543298,CIPHER
469,DNAJA1,0.4188242890007413,0.000121010458371,0.0053220680727263,0.9985290074447952,CIPHER
470,DNM1,0.5983876099080513,0.0221865352207173,2.0108446247335543e-05,0.999402208054434,CIPHER
471,COX7C,0.3099161913707077,0.0081233247565939,0.0173679183692599,0.996873081071185,CIPHER
472,PMPCB,0.1426614853313618,0.0350162933635892,8.422855427125953e-05,0.9251870161962256,CIPHER
473,MIOS,0.2533046668702219,0.0123531621811807,1.8295587889127771e-06,0.9922461451837392,CIPHER
474,DDX54,0.3813244214117859,0.0121597969065571,0.0005302398657838,0.9878062007336124,CIPHER
475,LETM1,0.1377151672955511,0.0054910608711277,7.496589405686649e-06,0.957595289531516,CIPHER
476,SSU72,0.0125730516717991,0.0063608872786975,0.000133264119465,0.919360522092295,CIPHER
477,COTL1,0.1631418718727689,0.0069501127701396,0.0042204437789769,0.9884227066135242,CIPHER
478,WBP1L,0.4800706633194174,0.0200568168469046,5.341347279341768e-05,0.9990189330999738,CIPHER
479,SUPV3L1,0.2792157718797842,0.0669084338404961,2.025498039437412e-05,0.8703436288747205,CIPHER
480,GYG1,0.05080226928546,0.0001385555204602,0.0002205711568042,0.9719905732935902,CIPHER
481,HNRNPM,0.4897634741286414,0.0104885879557296,0.0006988760252668,0.992680632235764,CIPHER
482,POLR1C,0.6818512500506484,0.0641283982215891,4.161232940447235e-07,0.9962949876691714,CIPHER
483,ATP6V1B2,0.1200734275513523,0.005393789843996,0.0002092067032769,0.9910735881612516,CIPHER
484,RABGGTA,0.1393383164957643,0.0039128223223262,4.169308430057583e-06,0.9450245867020708,CIPHER
485,GET3,0.1978456465965861,0.0057582572358438,0.0005716947173978,0.9976230529195154,CIPHER
486,ARL2,0.9186120134629648,0.001106069832049,0.0001838918737295,0.995849707164134,CIPHER
487,ATP5MF,0.2341519134084004,1.4566316934305767e-05,0.0029697157326364,0.9900247170227248,CIPHER
488,RPL35A,0.1240401196680874,0.008082113367677,0.002033971118142,0.8015471966306105,CIPHER
489,RAB4B,0.7806779883365521,3.5669339565336244e-06,5.655151000927283e-06,0.995777924367089,CIPHER
490,MRPS5,0.0638703585894718,0.0891605180840287,6.99941829472861e-05,0.9618182798055294,CIPHER
491,POGZ,0.6089397596819522,0.0122961616131467,6.043471432848335e-06,0.9979397377000976,CIPHER
492,SART3,0.1069889390192652,0.0210402416401507,2.6140519037376464e-05,0.9196893991742022,CIPHER
493,LAMTOR4,0.0200907284540146,0.0024652696846494,0.0017826679920869,0.9913653185635644,CIPHER
494,TUBG1,0.5755248387791143,8.322169409846758e-05,0.0002511807056529,0.9761745589918662,CIPHER
495,ATP6AP1,0.4271427318443827,0.0075380246186423,0.0002294235757789,0.9964625786454764,CIPHER
496,RRM2,0.5684987529863457,0.000563547079305,0.0001563350936745,0.951100170291572,CIPHER
497,FDXR,0.2611404545169102,0.0228503096539605,9.053259242275402e-08,0.9603817463448868,CIPHER
498,TLCD1,0.2321496284296572,0.045153507755886,0.0001840648444422,0.99689103558948,CIPHER
499,TARS2,0.0027347167156525,0.0574028528599768,2.030002020048105e-05,0.8727308781499951,CIPHER
500,SMAGP,0.1003828094483062,0.0038031771521565,0.0002718914363725,0.9967293527337768,CIPHER
501,CLASRP,0.0566637007342036,0.056364724478773,0.0003348755863082,0.9775857914838976,CIPHER
502,MRPS27,0.0586234583422365,0.0115289540741452,9.284014322441524e-05,0.8208059202964463,CIPHER
503,LARS2,0.0065042686985639,0.077825637037156,6.496624394003447e-06,0.904695352493881,CIPHER
504,GTF3C6,0.3944684007935275,0.0681904096735456,0.0029972079604668,0.995468557553175,CIPHER
505,UBE2N,0.0120250203623245,0.007482553104264,0.0019492013251078,0.9964684143702004,CIPHER
506,RPUSD3,0.1917226158625584,0.0268723073317298,0.0001887985822509,0.9553791048812024,CIPHER
507,GON4L,0.7812847203422473,0.11603761800615,1.6074958756551183e-05,0.9893202222453934,CIPHER
508,ZFR,0.0088001613523919,0.0035860774432016,5.558470586031206e-06,0.9794612440961074,CIPHER
509,MRPS10,0.0015944135684764,0.0028620297071298,0.0002579806981045,0.9644022424692508,CIPHER
510,COPG1,0.8762056224827249,0.0008771868687803,3.226387505717021e-06,0.9986503617197008,CIPHER
511,ERAL1,0.0447493284958626,0.004459652379026,1.3742767473567952e-05,0.9680172792680372,CIPHER
512,NAA35,0.3426895643610764,0.006304614909801,0.0003037435169177,0.9886396131548458,CIPHER
513,ANKRD11,0.2593932229137076,0.0077707763118217,0.0004161084779044,0.951903575898305,CIPHER
514,TMED10,0.3062765308390412,0.0086665195758464,0.0011003344650952,0.98866939015186,CIPHER
515,ACTR1B,0.1125783539632504,0.0029110762660109,0.0001330225853365,0.992839308799276,CIPHER
516,PSME2,0.4920039763101045,0.1092868919409328,0.0029624877540066,0.9981920102939827,CIPHER
517,CDK2,0.6950877935152044,0.0205716056039035,2.951287002894709e-05,0.9939150942306688,CIPHER
518,UHRF1,0.3160308343168621,0.0279927308792272,4.182498307914173e-06,0.9879183742796046,CIPHER
519,DYNLRB1,0.7622577647636103,0.1071609673549957,0.0001394698118236,0.9937987367460542,CIPHER
520,ARID5B,0.0530672554841146,0.0198802165036832,3.7255926494284e-05,0.963915027121454,CIPHER
521,USP5,0.2809663445962553,0.0679379683373191,5.229044731713817e-05,0.9850079643058224,CIPHER
522,BCS1L,0.4221828334840838,0.0572300088843409,0.0001255962550283,0.9973848400666224,CIPHER
523,VEZT,0.6891590665706853,0.0722698371861016,6.042506582515372e-05,0.997760016674368,CIPHER
524,IWS1,0.6140263111565023,0.0060678220783634,7.721913267366709e-06,0.9842414931017224,CIPHER
525,WDR83OS,0.0093553545252387,0.0056190099038079,0.0044594072225534,0.9966390204072793,CIPHER
526,UQCRB,0.0009661178900943,0.0070265964502005,0.0164034296083283,0.9945034803614144,CIPHER
527,MRPL28,0.0918164774195577,0.0023191088428163,0.0001032328860081,0.9184899649006518,CIPHER
528,SEH1L,0.0650029136118679,0.0256805057109943,1.6702384219025035e-05,0.9673122126029374,CIPHER
529,UBA2,0.1309284424827035,0.0873440575665066,0.0002170757638311,0.9750730331563754,CIPHER
530,EIF3B,0.0204315998659817,0.00023393494397,8.277786577171042e-05,0.8011635265428025,CIPHER
531,PSAT1,0.8165865009397613,0.1377174883267854,0.000296652115668,0.9975261855700012,CIPHER
532,DYNLL2,0.0195564792505867,0.0004311182847335,1.0453824281220214e-05,0.990557666939757,CIPHER
533,MRPL14,0.0619142110685456,0.0716766050706722,0.0013706867417201,0.9702243740102549,CIPHER
534,ELOVL1,0.1478844025811049,0.0049767748655378,0.0010379485749745,0.9972878266283616,CIPHER
535,ATP5PD,0.0287634309463021,0.0425972902939915,0.0018168158401344,0.9911304968526314,CIPHER
536,NFATC2IP,0.0008839440600895,0.0017844889851114,0.0001630991608585,0.9990566783682574,CIPHER
537,NDUFB8,0.3576269137191847,0.054426562105073,0.0186334375320332,0.9980937102341788,CIPHER
538,TEN1,0.0331661342811702,0.0017972243103342,3.9358509945630615e-06,0.9847967504978152,CIPHER
539,H2AFZ,0.0027886396233791,0.2190041058741888,0.1898378502297076,0.9931625740247262,CIPHER
540,PABPC1,0.5452738501310456,0.0063458571456181,0.0015783128348556,0.9293246536812833,CIPHER
541,KCTD10,0.0520816908276492,0.0127108122928619,0.0003943195632132,0.9909997223676618,CIPHER
542,COX6C,0.8486691285586582,0.0232265897448677,0.0020837967144321,0.9977110192154732,CIPHER
543,ABHD17A,0.7224606261001483,0.0261216612671469,0.000373865818248,0.9992585697584268,CIPHER
544,PCNX3,0.006334608121327,0.0001511256979618,0.0001175828960421,0.9961704227254472,CIPHER
545,CCAR1,0.4701856164446105,0.0100014245204327,0.0005234882988112,0.9939540358091944,CIPHER
546,CHTF18,0.5764654770652029,4.5399511891419664e-05,0.0001240002081208,0.9788847750752072,CIPHER
547,CENPA,0.6170863666916444,0.0257537673008158,0.000201970190175,0.9984280751011696,CIPHER
548,ARFRP1,0.6321485411550472,0.0003909896139365,6.579823219610148e-08,0.9987179273294988,CIPHER
549,TUFM,0.0007203780768592,0.0166752973264112,0.0001207472165558,0.9134609287169976,CIPHER
550,GOLT1B,0.2342488748375323,0.0115755005979897,0.000985840314338,0.9884759695997104,CIPHER
551,MRPS26,5.734854584316107e-05,0.0749171768469555,0.0002570010899608,0.9587052723945672,CIPHER
552,PPP2R1A,0.5336179783121995,0.0005828930884066,4.551778583028465e-05,0.9779161628571942,CIPHER
553,MAGOH,0.6187713642802818,0.0029628744993817,0.0003261125177764,0.9920596248470546,CIPHER
554,SNF8,0.0057222693984859,0.0010792044718004,0.0032890425918846,0.9967326652249748,CIPHER
555,SIN3A,0.7046710610076934,0.0635042872469189,7.652588553952455e-07,0.9885107167129298,CIPHER
556,PITRM1,0.1811223454401955,0.0012894168608567,0.0001249812846636,0.9838158975244822,CIPHER
557,RPL23,0.03714042146169,0.0040228388646015,0.0043792180126753,0.7089837249984463,CIPHER
558,CCNB1,0.4179980455656555,0.0246554044931245,0.0038548383294317,0.9974834046434704,CIPHER
559,SMG5,0.1124901691328131,0.0125280456419195,2.303739946019068e-05,0.9262390293684832,CIPHER
560,BPTF,0.5952407047968797,0.0683376736476589,0.0002954267839071,0.9891506058468702,CIPHER
561,IPO9,0.5270481342406308,0.0027554595369342,2.554514279040632e-05,0.9881416888152704,CIPHER
562,CSTF1,0.5900889097744739,0.1701594620337566,0.0001169938687656,0.928368509799322,CIPHER
563,SHQ1,0.1304837665716706,0.047393592544645,1.6948758452928203e-05,0.9677203572280952,CIPHER
564,MBD3,0.5455269025756638,0.0015347122936862,3.094816251014709e-05,0.998260560749013,CIPHER
565,ARGLU1,0.6684240994692923,0.0097743886750024,0.0001625861834695,0.99018960115416,CIPHER
566,NDC1,0.0786447112703742,0.0009320927344182,9.11170923767468e-05,0.9881666945824106,CIPHER
567,LRP5,0.8925209782554477,0.013909163570792,2.4601825756587203e-06,0.9913629967801896,CIPHER
568,RCC1,0.1964488096559813,0.0011765107697392,4.825470157454603e-06,0.9666434421440072,CIPHER
569,SRP9,0.0108066508684717,0.0101687542568775,0.0001061282891048,0.9683765500060776,CIPHER
570,SMG7,0.3415550256489977,0.0005003031447337,5.919469049242565e-05,0.9835166805313952,CIPHER
571,INF2,0.0032609372913228,0.0367932237549364,3.373164494413494e-05,0.9159420813611262,CIPHER
572,BUB1B,0.434252473851581,0.0043234728342539,3.5516065785223816e-05,0.967394822855158,CIPHER
573,ARL4D,0.0206784299522344,0.0049038415082696,9.654935679270782e-05,0.9988718720559446,CIPHER
574,DNAJC19,0.4120660168653229,0.0047252333114885,0.0006455388815302,0.9981168312567872,CIPHER
575,SNRPC,0.015464976661865,0.0037889270702986,0.0001063471963604,0.8620593505097638,CIPHER
576,CS,0.8593753827266748,0.0162215842705527,1.94131638764361e-06,0.9931792507926896,CIPHER
577,EIF2B1,0.0090581684686027,0.0403260955492248,3.7842957692268975e-05,0.9341924228661896,CIPHER
578,ZNF236,0.4051458038016022,0.0118289678098612,1.9745619025957065e-05,0.9471293803378134,CIPHER
579,CNIH4,0.0093836993142545,0.0032061751065141,0.0008331311961147,0.9906101985916268,CIPHER
580,USP9X,0.1140435964610193,0.0273985999428718,0.0003406420487505,0.9898667451340616,CIPHER
581,MRPL3,1.1762248807167808e-06,0.0330072030100301,0.0001492231670936,0.8919676254716882,CIPHER
582,ATR,0.2164739325262985,4.863606177207824e-05,0.0004287897136088,0.959431824362708,CIPHER
583,MRPL33,0.106167098936946,0.0250070528029613,2.7153415147029847e-05,0.8797451847633089,CIPHER
584,ELOF1,0.1932635664515695,0.0117534432704218,0.000827188829204,0.9803188672145392,CIPHER
585,CCNC,0.2937921948376361,0.0438133341338031,0.000430768560224,0.9829514310784004,CIPHER
586,TUBA1B,0.4905735180607765,0.1904474994428752,0.1612081857611563,0.993146745599438,CIPHER
587,MRPS7,0.0009194870821489,0.0282373850499635,0.0007692010803393,0.9567307637345828,CIPHER
588,SRPRB,0.3321752001556725,0.0117988021772008,6.78940246279236e-05,0.9891560512203228,CIPHER
589,DCTN2,0.5469123671172264,0.0150364461440556,3.642874949694175e-06,0.9675074131470768,CIPHER
590,PFDN4,0.3584615518201862,0.0131304521755069,0.0002146683350049,0.996578244796181,CIPHER
591,TRMT6,0.4868318207446211,0.001884585744575,0.0005383091606123,0.9926042666106673,CIPHER
592,ATP2A2,0.0691861209539543,0.0219561391620518,0.0005122758868394,0.9704486600696196,CIPHER
593,PELO,0.2529705251492945,0.0079473501995679,0.0002661776649902,0.9972628213648403,CIPHER
594,NUP107,0.2171663139815727,0.0006072443981253,5.107092260203672e-07,0.9237083602340356,CIPHER
595,DRG1,0.0003549471665984,0.003473754751621,0.000297292756834,0.9969263895545112,CIPHER
596,COA5,0.4294951629921729,0.0512552191678198,3.3567064824602255e-05,0.997025308023588,CIPHER
597,GCLC,0.0515708534721293,0.0085612778538936,4.850836690839522e-05,0.9988000336255716,CIPHER
598,ABCF1,0.3906703497706194,2.043203274348926e-07,2.324550665144809e-05,0.9675089017074786,CIPHER
599,NFRKB,0.1885524574262569,0.0323879382628489,2.19719897769366e-05,0.9915200823198632,CIPHER
600,RNF20,0.5145597155702836,0.124940420297857,2.8447172578660584e-05,0.9577239011636016,CIPHER
601,ASF1B,0.236390224905224,0.0340170156753131,0.00053839860849,0.9980078735910414,CIPHER
602,SRSF10,0.8192822254627969,0.0054227330695765,2.8372151880340368e-05,0.992163376201804,CIPHER
603,CYCS,0.0648489100532327,0.0013190070323491,0.0117990033000864,0.9972765713934192,CIPHER
604,WNK1,0.0108156260536531,0.0024059227795569,0.0007537032393845,0.991436881482372,CIPHER
605,TADA2A,0.0533578493281153,8.068722543863593e-05,1.529692091728485e-05,0.9663791422101344,CIPHER
606,ATP5ME,0.3826474828986413,0.0003204302034761,0.0012657817505357,0.9884719111712758,CIPHER
607,TFB2M,0.0881310081693883,0.0187321159871681,0.0002286419716369,0.991336846909634,CIPHER
608,SLC39A9,0.5402804772385056,0.0416950446956344,3.637966965730488e-05,0.9943119280274836,CIPHER
609,RPL7,0.1311447409246298,0.0020257784971356,0.0052905315556962,0.7954373328034526,CIPHER
610,DRAP1,0.0075617867386754,0.0084756027158297,0.0212291431050304,0.993110480238984,CIPHER
611,MRPL50,0.0092696466781776,0.0011914277206684,0.0001206343050502,0.9313712461295732,CIPHER
612,POLR2M,0.5152823031932073,0.0035686082660099,0.000183989839451,0.9816027828650448,CIPHER
613,SOD2,0.5888820390482727,0.0042752255835489,3.7045552903403056e-05,0.9975952819556771,CIPHER
614,RPS29,0.7326334162867941,0.0011781492562289,2.059107793861425e-05,0.9834029527605626,CIPHER
615,ORC5,0.6589180953549072,0.0001580505096895,1.6161396851011034e-05,0.9880723667682508,CIPHER
616,SMARCB1,0.2249020773513498,0.0500204209141457,0.0001635194261658,0.990108569269214,CIPHER
617,TRAPPC11,0.178605143993339,0.0008188236647727,7.118605488409813e-07,0.8774422120130835,CIPHER
618,WDR70,0.251499345472009,0.010231825835046,0.0001404467379022,0.925759447719052,CIPHER
619,INTS12,0.165687855720117,0.0191899370357462,9.71688219998379e-05,0.993179212344264,CIPHER
620,ATP11B,0.0011580619180684,0.1082158506710049,1.703518313989072e-05,0.8908748765906158,CIPHER
621,PGK1,0.7611421309828947,0.0322334780478822,0.000479327951054,0.989920062266549,CIPHER
622,PFN1,0.0380538547322785,0.1026802578066878,0.0791460379131101,0.9834143058311364,CIPHER
623,TPRKB,0.0003670206531427,0.001092236187803,5.252692350621313e-05,0.9268603550720962,CIPHER
624,ATP1A1,0.3997109492459125,0.0748224488884017,0.0013338121726744,0.9955957254572716,CIPHER
625,NDUFB4,0.0001058664097333,0.0247076678843435,0.0122633508201791,0.9984090488835652,CIPHER
626,CBX1,0.021794540711818,0.0053712670072467,0.0037036875866596,0.9966571486888044,CIPHER
627,TRAPPC5,0.1793883637797225,0.0490066367845716,0.0001143852147095,0.8938472872149709,CIPHER
628,EIF2B2,0.0224033282083806,0.0862311893857035,2.4940390773386945e-05,0.8839237462740951,CIPHER
629,TIMM13,0.5308923075858862,0.0096153161365406,0.0007944638799075,0.9872186163783688,CIPHER
630,H2AFX,0.7503487860827119,0.0996953905138969,0.0030567462962012,0.998930820984485,CIPHER
631,MRPS28,0.000193372241125,0.0192351650660385,7.711137285260072e-06,0.9577873662946896,CIPHER
632,GRPEL1,0.1309069140041922,0.0196147511337125,1.1461539182744396e-05,0.8257972224398404,CIPHER
633,HJURP,0.1732932281779206,0.0657015145219421,4.356790339177241e-05,0.9732274198842388,CIPHER
634,SPEN,0.5322503494657025,0.0238845824989497,0.0006868724883124,0.9943689379567202,CIPHER
635,SETDB1,0.5101550027402582,0.0066535546938618,5.350831334238748e-06,0.9948388804579714,CIPHER
636,TOMM22,0.0401371684547819,0.060674936903441,2.2797870594559733e-05,0.7864984753511984,CIPHER
637,IRF2BP2,0.1841607894212235,0.0120188928800378,5.263516871623075e-05,0.9935213498762272,CIPHER
638,TAMM41,0.2875855224386747,0.2934457493074924,2.84692852134949e-05,0.946234237439595,CIPHER
639,KIF14,0.2930274435449299,0.0089807724805301,0.0002072200062466,0.9983465640930176,CIPHER
640,SGPP1,0.3356078636479911,1.2770135553896722e-05,0.0001096296420992,0.9977907866433452,CIPHER
641,THRAP3,0.3044953627372061,0.0208037361011318,0.0025791901155522,0.9940485670429352,CIPHER
642,ALG14,0.619951798359645,0.0516684641544304,1.762199635901851e-05,0.984326206973008,CIPHER
643,ACTR6,0.2731519412847019,0.003919647916569,9.093493379563888e-05,0.9870956768525504,CIPHER
644,NDUFB3,0.2151361967566656,0.0034353796597391,0.0070126235615207,0.9984143130313604,CIPHER
645,UBL5,0.0111293499557937,0.0040735970393739,0.0005843454028403,0.9185204649491122,CIPHER
646,DCTN4,0.4740963406678569,0.0751301347961032,0.0002690262077316,0.9599334056057328,CIPHER
647,PET117,0.0003476802612802,0.0027482594642298,2.1331024722459624e-05,0.9647620998625556,CIPHER
648,CUL3,0.7475715349326391,0.0395034888835799,0.0004047851661156,0.9649377011139322,CIPHER
649,COX11,0.6597736282932393,0.0915472640052746,8.350535131040893e-06,0.9579776717884122,CIPHER
650,DNMT1,0.1591225101274042,0.0489105813499746,0.0007105532329919,0.9759870520168112,CIPHER
651,PSMC5,0.0207647686097007,0.1788091437479533,1.5460574809278429e-06,0.5715861566064145,CIPHER
652,INPPL1,0.1350246088231392,0.0513247352238673,5.85956340917182e-05,0.9941301154207588,CIPHER
653,USF2,0.310964173628092,0.0775192022372673,0.0004472370747971,0.9893393843931554,CIPHER
654,AIFM1,0.0063634023979647,0.0045450677259837,6.856341021954648e-05,0.992238408317095,CIPHER
655,PGAM1,0.7617257264270312,0.0047251309870582,0.0070466879418676,0.9945239863054254,CIPHER
656,PRDM4,0.0667228900107173,0.0072071203599317,3.690885055140925e-06,0.9454301001601864,CIPHER
657,NXF1,0.8925479593969101,0.0029392268092736,0.0001094859983614,0.999189798437412,CIPHER
658,GTF3C5,0.0826706567602542,0.0199184284476845,7.708234778247558e-07,0.9895012853551156,CIPHER
