,perturbation,R2_real,R2_x1,mode,n_hidden,n_params
0,TFAM,-0.16993339296347942,0.9980406414153783,GEARS,64,1798112
1,SLC1A5,-2.7796452943247556,0.9985768488817897,GEARS,64,1798112
2,GFM1,-0.8608946834144535,0.9983128495180312,GEARS,64,1798112
3,MRPL36,-0.7705347376609366,0.9980090762614329,GEARS,64,1798112
4,TARDBP,0.10471853973992529,0.9955244312119071,GEARS,64,1798112
5,PPP6C,0.08690469453146266,0.9963444402909265,GEARS,64,1798112
6,MRPL35,-1.6087521118044417,0.9982535677843453,GEARS,64,1798112
7,CCDC6,-0.47875318730802663,0.9977797944463053,GEARS,64,1798112
8,GTF3C4,0.4213686447276087,0.9975052766896306,GEARS,64,1798112
9,BCAR1,-3.5541624991375045,0.9985169315612957,GEARS,64,1798112
10,MYBL2,-1.1197375879608233,0.9983162603503561,GEARS,64,1798112
11,FBXO42,-0.9717718987315591,0.9982433800286467,GEARS,64,1798112
12,HSD17B10,-0.40776783251927395,0.9979216763967058,GEARS,64,1798112
13,POGLUT3,0.021099767259236124,0.9981312707272577,GEARS,64,1798112
14,CLOCK,-0.10441539404888411,0.9909781527740285,GEARS,64,1798112
15,TMEM214,-0.15604675670753232,0.9963195696306772,GEARS,64,1798112
16,TWF1,-3.4027500484390663,0.9975552473336778,GEARS,64,1798112
17,TMEM242,-0.8809313752061665,0.998130127368155,GEARS,64,1798112
18,TACC3,-0.9880741538626054,0.9982694228929528,GEARS,64,1798112
19,TPT1,0.022841299113108837,0.9920159641299078,GEARS,64,1798112
20,ANAPC15,-1.597011325260628,0.9984868522420239,GEARS,64,1798112
21,FAM136A,-0.9548582437943174,0.9982926082860626,GEARS,64,1798112
22,SPC25,0.6677506600487564,0.9897833484481665,GEARS,64,1798112
23,SMG5,0.08286712030153154,0.9815503536069043,GEARS,64,1798112
24,IK,0.46557322122413314,0.997380713775058,GEARS,64,1798112
25,SSBP3,-1.3538244274454962,0.9984663959189015,GEARS,64,1798112
26,ZNF718,-0.9343190625511826,0.9984063851338493,GEARS,64,1798112
27,BCL2L1,-0.9018694777564993,0.9979538167345744,GEARS,64,1798112
28,ZDHHC7,0.06705938521420007,0.9945103524686224,GEARS,64,1798112
29,DDX19A,-1.2851955371497157,0.99743383670995,GEARS,64,1798112
30,EIF4B,-0.03833116245025825,0.9965901175430603,GEARS,64,1798112
31,SLC35G2,-0.5844239490729453,0.9983054440123962,GEARS,64,1798112
32,ADAM10,-0.0810066613299043,0.9964583603817302,GEARS,64,1798112
33,WTAP,0.014293409993450523,0.9911354357423792,GEARS,64,1798112
34,LAMTOR1,-0.0692414120586613,0.9951234995964664,GEARS,64,1798112
35,DDX19B,-3.845622334259307,0.9962226474343943,GEARS,64,1798112
36,PPP1R37,-0.18041755572068308,0.9917780240792603,GEARS,64,1798112
37,INTS14,-0.12511769564138975,0.9941667472696655,GEARS,64,1798112
38,TRNT1,0.5473034748746288,0.9880651410427121,GEARS,64,1798112
39,CCNK,-0.7401088346862903,0.9975895654292277,GEARS,64,1798112
40,TIMM23B,0.6382288771134952,0.9867608266348464,GEARS,64,1798112
41,RHOQ,-0.9709153257526586,0.998110926128079,GEARS,64,1798112
42,CLASRP,0.03772908202052061,0.9963695260557397,GEARS,64,1798112
43,PCBP2,-0.5851172505340219,0.9969692150772317,GEARS,64,1798112
44,PMF1,0.2403656101559173,0.9905881550276019,GEARS,64,1798112
45,HSD17B12,-0.8775023131575064,0.9980593650571837,GEARS,64,1798112
46,DNM1,-1.082077009592275,0.9980272453155128,GEARS,64,1798112
47,SRSF11,-7.770312570710464,0.9885984307722289,GEARS,64,1798112
48,CENPT,-0.9248538129935464,0.9981346782922365,GEARS,64,1798112
49,NAA35,-0.45396128886546805,0.9953888614780023,GEARS,64,1798112
50,TFRC,-0.44837014048425905,0.9978109788966147,GEARS,64,1798112
51,SNX15,-0.8216287876073667,0.9979920732963279,GEARS,64,1798112
52,INTS13,-0.17278089208609448,0.9947700144808784,GEARS,64,1798112
53,UBTF,-0.5128613385263803,0.9978858606311016,GEARS,64,1798112
54,PPP2R1A,0.5996746883463929,0.9958460522775484,GEARS,64,1798112
55,GYG1,-0.08146493817115186,0.9960409466089127,GEARS,64,1798112
56,PSTK,0.06193913909692139,0.9976427573932548,GEARS,64,1798112
57,MRPL39,-0.5603839191709488,0.9977748177303261,GEARS,64,1798112
58,ZBTB17,-0.221123733645592,0.9965306188890339,GEARS,64,1798112
59,ATP6AP2,-0.049915923359971304,0.996696487788881,GEARS,64,1798112
60,YRDC,-0.529306862252906,0.9975882883708828,GEARS,64,1798112
61,GTF2E2,0.6272648582324569,0.987212592820589,GEARS,64,1798112
62,UBE2M,-0.584866887356932,0.9919982345779195,GEARS,64,1798112
63,TUBB,-0.0647412274752528,0.995863270122736,GEARS,64,1798112
64,BTF3L4,-0.7396117700998914,0.9979064730054044,GEARS,64,1798112
65,CSE1L,0.3340219613285357,0.9663750510948008,GEARS,64,1798112
66,H2AFZ,-0.45909793216912864,0.9945015329836454,GEARS,64,1798112
67,VPS41,-0.27266257253410653,0.9974120977360944,GEARS,64,1798112
68,DSTYK,-0.6165277907431856,0.995507077656337,GEARS,64,1798112
69,PSMG3,-0.07620896316559755,0.9965596015341514,GEARS,64,1798112
70,MRPL38,-0.08255735677805087,0.9936254315243368,GEARS,64,1798112
71,ANKS6,-1.085072283796404,0.9975680214106953,GEARS,64,1798112
72,MRPL16,-0.6480439709500663,0.9977061946156646,GEARS,64,1798112
73,NAGLU,-0.8883425131352289,0.9972491630555428,GEARS,64,1798112
74,HMGCS1,0.10846395639316386,0.9970566211045724,GEARS,64,1798112
75,TKT,-0.7055749041023782,0.9972610459044894,GEARS,64,1798112
76,GLRX5,-0.6025514343613678,0.9974811382578109,GEARS,64,1798112
77,SIRT7,0.5801328757984999,0.9953369650503453,GEARS,64,1798112
78,SSU72,0.5163494005060651,0.9812834414121757,GEARS,64,1798112
79,SLC7A5,-0.5836293790983285,0.9978006910445198,GEARS,64,1798112
80,MRPS21,-0.5258195612252288,0.9978043412486837,GEARS,64,1798112
81,ATP6V0C,0.18862826106631736,0.9953463060831655,GEARS,64,1798112
82,UROD,-0.44738000005260403,0.9970134576690921,GEARS,64,1798112
83,MCL1,-0.5985656085247946,0.9978939145055665,GEARS,64,1798112
84,WDR54,-0.6065163803808589,0.9977758997271824,GEARS,64,1798112
85,HIRA,0.2613527249537133,0.9956780444326987,GEARS,64,1798112
86,CACNB3,-1.145288175506976,0.9976891300924928,GEARS,64,1798112
87,GPS1,0.6569405279998864,0.9901680584342262,GEARS,64,1798112
88,DYNLRB1,0.2142498259369453,0.9973563052103916,GEARS,64,1798112
89,SART3,0.6122589876072779,0.9854046234524411,GEARS,64,1798112
90,JAZF1,0.3233865939671562,0.9964167263918886,GEARS,64,1798112
91,HSCB,0.7282030743511568,0.9959166171609032,GEARS,64,1798112
92,CNN2,-0.60514125941376,0.9975805579914332,GEARS,64,1798112
93,TRAPPC11,0.29849103657698306,0.9717666345334149,GEARS,64,1798112
94,ACTB,0.23105781291483996,0.9949587191889052,GEARS,64,1798112
95,LTBP3,-0.5054750427103929,0.9974399591406587,GEARS,64,1798112
96,MAD2L2,0.04459440388747571,0.9972049259787351,GEARS,64,1798112
97,POLR1C,-0.5202255815609074,0.9973510223524418,GEARS,64,1798112
98,VPS54,0.06773525634480149,0.9973061937472673,GEARS,64,1798112
99,PKM,-0.4692729041898951,0.9975926004486249,GEARS,64,1798112
100,ATP5MF,-0.2976417343452016,0.9964438758435931,GEARS,64,1798112
101,HUS1,-0.28100753811407575,0.9971818649304054,GEARS,64,1798112
102,RAB4B,-0.27061768251068186,0.996461115183795,GEARS,64,1798112
103,SNRNP40,-0.11892716064218356,0.9966662361573936,GEARS,64,1798112
104,RRM2,0.6699179552366831,0.9957467173523231,GEARS,64,1798112
105,RSL1D1,0.2497842067285696,0.9977124714108395,GEARS,64,1798112
106,MRPS16,-0.4755759426628794,0.9974288715933985,GEARS,64,1798112
107,NAPG,-0.24810664772318014,0.9960231071731398,GEARS,64,1798112
108,SEC16A,-0.29066886905495615,0.9961468290891373,GEARS,64,1798112
109,DDX46,0.0013538756740042457,0.9954560659861872,GEARS,64,1798112
110,NARS2,-0.7868564123685555,0.9976350639380243,GEARS,64,1798112
111,SLC25A10,-0.4106923675363017,0.9976531017647774,GEARS,64,1798112
112,AP2M1,-0.3323110048728737,0.9971144579487344,GEARS,64,1798112
113,MFN2,-0.35318348743880934,0.9965944118606682,GEARS,64,1798112
114,EFR3A,-0.3084270090463981,0.9970763774677738,GEARS,64,1798112
115,DYNLL2,-0.28731516551519554,0.9965400175854965,GEARS,64,1798112
116,MRPL41,-0.3093825437731741,0.9967875781177217,GEARS,64,1798112
117,ZRSR2,-0.026904404008121885,0.9968862031467295,GEARS,64,1798112
118,MRPL24,-0.43938063419717777,0.9972499370549459,GEARS,64,1798112
119,KRT8,-0.6034086957344131,0.9975960894986153,GEARS,64,1798112
120,METTL3,-0.03881675497774961,0.9864544821758473,GEARS,64,1798112
121,ARL2,-0.2272060057753178,0.996275562691044,GEARS,64,1798112
122,MTG2,-0.42216536560347695,0.9976335467944576,GEARS,64,1798112
123,ZMAT2,0.3562580320375437,0.9844500249497465,GEARS,64,1798112
124,C1orf109,-0.7203797016354843,0.9978135865964289,GEARS,64,1798112
125,PDCD6IP,-1.9123766760635195,0.9958931265276391,GEARS,64,1798112
126,MRPS6,-0.5521748993512108,0.9970878085549533,GEARS,64,1798112
127,KDM6A,-0.37918328477835717,0.9975148157119686,GEARS,64,1798112
128,RNF8,0.17382505121943792,0.9973798327079769,GEARS,64,1798112
129,POLRMT,0.008752026528756618,0.9889930401015383,GEARS,64,1798112
130,KPNB1,0.6220116757864553,0.9900490158939761,GEARS,64,1798112
131,FAM207A,-0.7344635329432956,0.9971693821800778,GEARS,64,1798112
132,ZNF706,-0.4629354124153673,0.9974341283705789,GEARS,64,1798112
133,TUBA1B,-0.1893745654056589,0.9967116838965773,GEARS,64,1798112
134,TSR1,0.20832831057689294,0.9964758159143506,GEARS,64,1798112
135,ATP5PD,-0.2904373774079616,0.9973304383400268,GEARS,64,1798112
136,CDK2,-0.1938707785573166,0.9960484279221645,GEARS,64,1798112
137,PTEN,-0.1591018905249495,0.9921718033837894,GEARS,64,1798112
138,YTHDC1,0.296619755315643,0.9868301893244903,GEARS,64,1798112
139,PCBP1,-0.1518936484607052,0.9919194517947422,GEARS,64,1798112
140,FBXW7,-0.5341587511139994,0.9964913262993154,GEARS,64,1798112
141,MBD3,-0.5391364367448614,0.9970204970709554,GEARS,64,1798112
142,DDX5,-0.2535245711759586,0.9949377107805634,GEARS,64,1798112
143,KRT10,-0.8462398831656877,0.9975783852997574,GEARS,64,1798112
144,MED19,0.44941608426902835,0.9877550231905157,GEARS,64,1798112
145,QRSL1,-0.5818281116352957,0.9976615318349096,GEARS,64,1798112
146,CDK6,-0.7611287462490748,0.997760849798142,GEARS,64,1798112
147,GCLC,-0.6439469998146128,0.9977148777751739,GEARS,64,1798112
148,RTRAF,-0.024693930010128318,0.9833655203989006,GEARS,64,1798112
149,FBLIM1,-0.617606458714473,0.997490223229257,GEARS,64,1798112
150,NXF1,-0.497273361074692,0.9976892368594265,GEARS,64,1798112
151,PMPCB,0.5508763501335716,0.9953097746444145,GEARS,64,1798112
152,COQ2,-0.6121949203896879,0.997391547012269,GEARS,64,1798112
153,COX5A,-0.30512335954693937,0.9966832160722796,GEARS,64,1798112
154,SDHAF2,-0.37693191193891895,0.9971381753550966,GEARS,64,1798112
155,SP1,-0.24686314654826824,0.9963351582802655,GEARS,64,1798112
156,NPLOC4,0.4716065005122596,0.9854303096877496,GEARS,64,1798112
157,SNW1,-0.13377342106150247,0.9964574769794099,GEARS,64,1798112
158,SRPRB,0.09446308909522239,0.9901406386647292,GEARS,64,1798112
159,MRPL27,-0.3835721495367521,0.9970484026402774,GEARS,64,1798112
160,PTMA,-0.27947439451462985,0.9958748010644957,GEARS,64,1798112
161,RABGGTA,0.5543781376304537,0.9864973180620098,GEARS,64,1798112
162,MBTPS1,-0.6088437944797049,0.99696633778212,GEARS,64,1798112
163,TARS2,-0.5330863091178011,0.9967066146512512,GEARS,64,1798112
164,C17orf58,-0.6137982207743422,0.9955387622988291,GEARS,64,1798112
165,GNPNAT1,-0.4327959107171282,0.996961423575435,GEARS,64,1798112
166,DPY19L4,-0.2148267896026652,0.9968288464578653,GEARS,64,1798112
167,USP14,-0.5772183522606302,0.9869156203232041,GEARS,64,1798112
168,UQCRC1,-0.5038040307646146,0.9975468534395314,GEARS,64,1798112
169,CPSF3,0.5900977647009799,0.9863895883862177,GEARS,64,1798112
170,ABHD17A,-0.7133952945225794,0.9970801624639435,GEARS,64,1798112
171,MCM3,0.7394530916745898,0.9946582564584646,GEARS,64,1798112
172,MKRN1,-0.656423368886522,0.997293629500572,GEARS,64,1798112
173,IST1,-0.45046508898228477,0.9966917940505176,GEARS,64,1798112
174,KDM1A,-0.046102799753712675,0.99572460131289,GEARS,64,1798112
175,RCC1,0.6741241967761379,0.9955148394419507,GEARS,64,1798112
176,GRB2,-0.39456625059371775,0.9953516410026076,GEARS,64,1798112
177,TAF13,-0.13298307338393767,0.9931529623993274,GEARS,64,1798112
178,PRKRIP1,-1.273581832620574,0.996015384513818,GEARS,64,1798112
179,SUPT20H,-0.15162093074299654,0.9937302128731202,GEARS,64,1798112
180,JMJD6,-0.46799581253441636,0.9964812956554716,GEARS,64,1798112
181,RPL41,-0.31477506843844716,0.9963832650083012,GEARS,64,1798112
182,PRPF39,-0.16356333241247523,0.9965762063945303,GEARS,64,1798112
183,CPNE7,0.1578473462978851,0.9961270476315606,GEARS,64,1798112
184,DDX23,0.6438114413424443,0.9775744220385093,GEARS,64,1798112
185,DHODH,-0.6440954154672298,0.9975750612236864,GEARS,64,1798112
186,MICOS10,-0.689760173777322,0.9965197872098752,GEARS,64,1798112
187,RNF14,-0.5434476794899348,0.9975695071101466,GEARS,64,1798112
188,PGAM5,-0.210894376165482,0.9951736408886983,GEARS,64,1798112
189,LIMS1,-0.5333315912773238,0.997197169194071,GEARS,64,1798112
190,NDUFA3,-0.11900986303438321,0.9925953057805711,GEARS,64,1798112
191,RAB4A,0.1292151033901625,0.9959894791220211,GEARS,64,1798112
192,DDX17,-0.0619089313840997,0.9957610143460729,GEARS,64,1798112
193,ATP6AP1,0.1916987342323171,0.9968261223410438,GEARS,64,1798112
194,MANF,-0.6210829410990244,0.9969940120696426,GEARS,64,1798112
195,EIF4G2,0.15532462307555384,0.9940848302819182,GEARS,64,1798112
196,PPP1CA,-0.16355362716089328,0.9958070544421139,GEARS,64,1798112
197,DNAJA1,-0.5171171042194658,0.9971649006363545,GEARS,64,1798112
198,COX7C,-0.35803792543546775,0.9966680428095391,GEARS,64,1798112
199,SMAGP,-0.36791161986879484,0.996914801252981,GEARS,64,1798112
200,TSEN34,-0.6705718974339441,0.9972577446774377,GEARS,64,1798112
201,PCNX3,-0.35293102708944746,0.9965196335049662,GEARS,64,1798112
202,TUFM,-0.473615870008796,0.9965671683757262,GEARS,64,1798112
203,MON1A,-0.047490877549955846,0.9927734388156348,GEARS,64,1798112
204,THOC7,0.19686110707089644,0.98886766680762,GEARS,64,1798112
205,ACTR1B,-0.23611053241928626,0.9967728011900991,GEARS,64,1798112
206,SRSF6,-0.006355976736687863,0.9961016322596231,GEARS,64,1798112
207,TMED10,-0.0840125417701485,0.9923504730862562,GEARS,64,1798112
208,GET3,-0.34167753492470143,0.9960995218456599,GEARS,64,1798112
209,PTPN11,-0.4055399030880493,0.9970555136999371,GEARS,64,1798112
210,HNRNPH1,-0.1316162178405884,0.9939810500292466,GEARS,64,1798112
211,PLK4,0.33342525267850254,0.9850454510741466,GEARS,64,1798112
212,POLR2I,0.12158334925940517,0.9676718605552598,GEARS,64,1798112
213,EHMT2,0.0949636856127809,0.982616230562652,GEARS,64,1798112
214,TXNL4B,-0.2536979842309932,0.9964705647467389,GEARS,64,1798112
215,USP5,0.3472782411839105,0.9968579905227853,GEARS,64,1798112
216,TFDP1,0.07002903568620844,0.9951949244062669,GEARS,64,1798112
217,POLR2M,0.08094282807877518,0.9908744457231349,GEARS,64,1798112
218,CABIN1,-0.27756311892217655,0.9963377868811386,GEARS,64,1798112
219,CKAP5,0.018196141446225278,0.9974992488757827,GEARS,64,1798112
220,PRMT5,-0.1819279389917099,0.9971140684725072,GEARS,64,1798112
221,MRPL34,0.09106324349123929,0.9865024437900268,GEARS,64,1798112
222,SRA1,0.39146813081731535,0.9967589572719926,GEARS,64,1798112
223,HAUS8,0.6508486217640612,0.9955451125870313,GEARS,64,1798112
224,SBNO1,-0.2189287180845283,0.9940137093186809,GEARS,64,1798112
225,ELL,0.6616854771341598,0.9942312254617733,GEARS,64,1798112
226,TOX4,0.03235134150124819,0.9941670997197066,GEARS,64,1798112
227,NBEAL1,-0.6419912942260131,0.9971256623861381,GEARS,64,1798112
228,CASC3,-0.11629975757921551,0.9923485555042654,GEARS,64,1798112
229,MALSU1,-0.27437161791359,0.9968328929923849,GEARS,64,1798112
230,PCID2,-0.09967540226851934,0.9959720022671533,GEARS,64,1798112
231,EIF4H,-0.29965999308730185,0.9947686151103291,GEARS,64,1798112
232,PPME1,-0.33030569637102714,0.9967447585611411,GEARS,64,1798112
233,ZNF574,0.052599899507112746,0.996873092367654,GEARS,64,1798112
234,SON,0.3239106585592877,0.9930629446319909,GEARS,64,1798112
235,WBP11,0.24148672702782004,0.9957615894634677,GEARS,64,1798112
236,MRPL3,-0.4833486245683669,0.9966613210710954,GEARS,64,1798112
237,MRPS5,-0.6718581110709163,0.9966838428526102,GEARS,64,1798112
238,NISCH,-0.50254396594433,0.9975942870643963,GEARS,64,1798112
239,COX10,-0.46178681173974545,0.9970053276020311,GEARS,64,1798112
240,UXS1,-0.25852418051591197,0.9961132406111858,GEARS,64,1798112
241,NDUFB4,-0.5354289292182439,0.9970485904317387,GEARS,64,1798112
242,MRPL33,-0.19098674157393725,0.9962829435886726,GEARS,64,1798112
243,SS18L2,-0.4784358838062288,0.9972592930298236,GEARS,64,1798112
244,TUBGCP2,0.7717336080903666,0.995475866083563,GEARS,64,1798112
245,BOP1,-0.06016683137929468,0.9969556657505211,GEARS,64,1798112
246,MRPL54,-0.5559310779826789,0.9962572853852011,GEARS,64,1798112
247,ORC4,-0.0005051125230721709,0.9968214479934119,GEARS,64,1798112
248,ANKRD11,0.08226353939321218,0.9953106295360107,GEARS,64,1798112
249,SF3B3,0.7092694477171546,0.984415622185373,GEARS,64,1798112
250,EIF1,-0.17109681233308982,0.9929300362162081,GEARS,64,1798112
251,SRP72,0.6345014211757074,0.9790769068146606,GEARS,64,1798112
252,XPO5,-0.08454485449212057,0.9957734028801829,GEARS,64,1798112
253,LETM1,0.37834252965233284,0.9946436654687838,GEARS,64,1798112
254,ATP6V1B2,0.3722907301332722,0.9947704931495409,GEARS,64,1798112
255,LIN54,0.45329878694408676,0.9959720699047163,GEARS,64,1798112
256,KEAP1,-0.12593765231998133,0.9948512121313576,GEARS,64,1798112
257,ASF1B,-0.5608863987563735,0.9968732361717705,GEARS,64,1798112
258,PHAX,0.4802209750882708,0.9947396682153749,GEARS,64,1798112
259,ACIN1,-0.7812038879705596,0.9966486934825869,GEARS,64,1798112
260,EGLN2,-0.8161492198348499,0.9968889647582952,GEARS,64,1798112
261,TBCA,-0.5634100003300919,0.9965638123081014,GEARS,64,1798112
262,CENPA,-0.5784870673225924,0.9971045968437577,GEARS,64,1798112
263,DHX30,0.00414528462057262,0.9965163238248879,GEARS,64,1798112
264,ATR,0.07879905006081234,0.9731151148247504,GEARS,64,1798112
265,CAMLG,-0.1244557166721243,0.9956236067829521,GEARS,64,1798112
266,NPEPPS,-0.25378560483902746,0.9971177450382047,GEARS,64,1798112
267,C9orf16,-0.2264361143764353,0.9944163543596656,GEARS,64,1798112
268,TM7SF2,-0.701767079905848,0.9971576950882487,GEARS,64,1798112
269,CMPK1,-0.22680728126348115,0.9967729452315576,GEARS,64,1798112
270,MAT2A,0.12563623845191219,0.9965845049287372,GEARS,64,1798112
271,PSAT1,-0.5215858576869947,0.9972196599347375,GEARS,64,1798112
272,MRPS17,-0.24653785763480118,0.9973151829548983,GEARS,64,1798112
273,DCTN3,0.3847998512641867,0.9899139638645709,GEARS,64,1798112
274,DNAJA3,-0.010402644599655675,0.9953239892098213,GEARS,64,1798112
275,NRBP1,0.17648205524176708,0.9965276370540604,GEARS,64,1798112
276,ABCF1,-0.0237446474399301,0.9947303626973937,GEARS,64,1798112
277,SF3A2,-0.4045191680545175,0.9868586615179205,GEARS,64,1798112
278,UBA2,0.061446457091881346,0.9881907424327839,GEARS,64,1798112
279,UBA52,0.5813296311807279,0.9954003871375108,GEARS,64,1798112
280,PPIL1,-0.445204381184543,0.9967168012476834,GEARS,64,1798112
281,E2F6,-0.5619318688696253,0.9972738043633304,GEARS,64,1798112
282,DCTN1,-0.4959572508113246,0.9970698986780379,GEARS,64,1798112
283,PARN,0.26282041090536024,0.995939321715799,GEARS,64,1798112
284,PRPF31,0.6539554017233675,0.9683224136939397,GEARS,64,1798112
285,IMPDH2,-0.2720078792224272,0.9960915886441708,GEARS,64,1798112
286,RNF20,-0.04177709959990805,0.9841647620328692,GEARS,64,1798112
287,HAUS4,0.7405367635564463,0.9937190996692953,GEARS,64,1798112
288,PRRC2A,-0.1735159919970808,0.995812094543016,GEARS,64,1798112
289,SNF8,-0.36933772733888626,0.9965000861517292,GEARS,64,1798112
290,PET117,-0.18570974322342382,0.9946776848538467,GEARS,64,1798112
291,MIER1,-0.22965499169557435,0.9955386292819374,GEARS,64,1798112
292,NDUFB8,-0.21948763543588878,0.9960402935106493,GEARS,64,1798112
293,ELOF1,0.12820753182894906,0.990912886389341,GEARS,64,1798112
294,MBTPS2,-0.3380204893421761,0.9961693447803948,GEARS,64,1798112
295,DNAJC8,-0.3107278207318418,0.9954928447138707,GEARS,64,1798112
296,EMC3,0.05974924061446496,0.996556621443866,GEARS,64,1798112
297,MRPL4,-0.48188905353789524,0.9963307999880919,GEARS,64,1798112
298,NELFB,0.3552931975678192,0.9837775167126371,GEARS,64,1798112
299,INTS8,0.6008725380328359,0.9838398326033215,GEARS,64,1798112
300,PRORP,-0.2206007299797479,0.9962916447075748,GEARS,64,1798112
301,THAP1,0.6314375608479064,0.9847833481323192,GEARS,64,1798112
302,FYN,0.4002843688368575,0.994533161997634,GEARS,64,1798112
303,PNISR,-0.39101564733068694,0.9964597024381563,GEARS,64,1798112
304,TUBB2A,0.07644141193633902,0.9965944709071833,GEARS,64,1798112
305,NEDD1,-0.15359551125767834,0.9962572152171947,GEARS,64,1798112
306,SRSF7,0.6328453339336428,0.989551874733145,GEARS,64,1798112
307,INO80C,-0.49225514168504914,0.9958137509935506,GEARS,64,1798112
308,PXN,-0.14442701638540933,0.9930827050021558,GEARS,64,1798112
309,SHQ1,0.7264681152163559,0.994810738041628,GEARS,64,1798112
310,TIMM8A,-2.4493179820944437,0.9926710571591713,GEARS,64,1798112
311,NFATC2IP,-0.42941929131096224,0.9970794250139369,GEARS,64,1798112
312,PNPT1,-0.1628092622190671,0.9962205785604672,GEARS,64,1798112
313,NFRKB,0.13894266432194746,0.9941482353451748,GEARS,64,1798112
314,NUB1,-0.003963029666457896,0.9906432458001934,GEARS,64,1798112
315,HSPA8,-0.287808259158834,0.9963457558437002,GEARS,64,1798112
316,GOLT1B,0.2689318747946319,0.9919991616180984,GEARS,64,1798112
317,EIF2B2,0.6990311355634999,0.981864449813405,GEARS,64,1798112
318,DRAP1,-0.1658415879629045,0.9952276285420739,GEARS,64,1798112
319,DERL2,0.5119531191067783,0.9871826312481986,GEARS,64,1798112
320,PSMB5,0.5401220366137052,0.9593654469655657,GEARS,64,1798112
321,THAP11,-0.03971654998207508,0.9955304244326377,GEARS,64,1798112
322,SIN3A,0.12818084474621583,0.9927618172855147,GEARS,64,1798112
323,CHTOP,-0.7087608130272229,0.9959036814444493,GEARS,64,1798112
324,CHORDC1,0.07391685930299419,0.9938069361734463,GEARS,64,1798112
325,THOC6,-0.5601640549596218,0.9948017103815542,GEARS,64,1798112
326,MRPL1,-0.501642233499314,0.9973940201393383,GEARS,64,1798112
327,ISCA2,-0.12351847470662447,0.9951121559959029,GEARS,64,1798112
328,NAA25,0.37045998248281176,0.9951611348787462,GEARS,64,1798112
329,SPCS3,-0.11741254660159917,0.9948397108145692,GEARS,64,1798112
330,ARL4D,-0.38549176979343813,0.9965270504258836,GEARS,64,1798112
331,PPP1R8,0.011220494310117957,0.993483477194396,GEARS,64,1798112
332,PPA1,0.25810038120574785,0.9948469659662436,GEARS,64,1798112
333,COPZ1,-0.401508727042293,0.9970714403265629,GEARS,64,1798112
334,TP53I13,-0.11681491703738489,0.9955608301882356,GEARS,64,1798112
335,ATP2A2,0.46660916314560064,0.9880263646387353,GEARS,64,1798112
336,WDR70,0.33767494832913814,0.9773040493606553,GEARS,64,1798112
337,SOD2,-0.4902468431980036,0.9972011220162172,GEARS,64,1798112
338,VPS37A,-0.29725332284704287,0.9968580461509323,GEARS,64,1798112
339,RNASEH2C,-0.07172645119955967,0.9944589965071731,GEARS,64,1798112
340,HSP90B1,0.19377451867316375,0.993717384887833,GEARS,64,1798112
341,SMG7,0.004513240277571828,0.991360239482366,GEARS,64,1798112
342,SRP9,0.34514820985345585,0.9903257725698488,GEARS,64,1798112
343,SHC1,-0.4604423429432789,0.997082516427862,GEARS,64,1798112
344,TEAD3,-0.709271249638697,0.9965959574516202,GEARS,64,1798112
345,STXBP4,-0.1335620830607518,0.99700995538013,GEARS,64,1798112
346,TMX2,-0.0076021459666382185,0.9888991789902146,GEARS,64,1798112
347,NUP107,0.7161724599582489,0.9897713790825405,GEARS,64,1798112
348,DAP3,-0.2541149599082606,0.9971079197485713,GEARS,64,1798112
349,COMTD1,-0.07610534078783182,0.9941604515941692,GEARS,64,1798112
350,PAXBP1,0.44109185657304395,0.9885220370957798,GEARS,64,1798112
351,MRPL15,-0.24258266525448247,0.9969111132227099,GEARS,64,1798112
352,SLC39A10,-0.30485407903595485,0.9958814540376142,GEARS,64,1798112
353,KIAA1143,-0.427742892712899,0.997167145600888,GEARS,64,1798112
354,SMARCB1,0.19807897786453665,0.9961668321688375,GEARS,64,1798112
355,WDR4,-0.10972479775922084,0.9961512792598546,GEARS,64,1798112
356,PDCD5,-0.0502788819621065,0.9936476163880972,GEARS,64,1798112
357,MRPL50,-0.41545382902641825,0.9967817287319466,GEARS,64,1798112
358,INTS12,-0.25441594717826166,0.9962588330722947,GEARS,64,1798112
359,EMC7,0.007437616976660011,0.9958986674195552,GEARS,64,1798112
360,CFL1,-0.36586110856454646,0.9946128503611037,GEARS,64,1798112
361,ARPC2,-0.02660159182363908,0.9919481122347911,GEARS,64,1798112
362,ATP5PO,-0.2589653038994246,0.9958099064445634,GEARS,64,1798112
363,TUBG1,0.6391531946825169,0.9957160591908455,GEARS,64,1798112
364,ACTR1A,-0.7366582000593598,0.9964012791146264,GEARS,64,1798112
365,CENPW,0.2924645224438962,0.9955886385475378,GEARS,64,1798112
366,SMG6,-0.08590195916576038,0.9943926086300242,GEARS,64,1798112
367,PITRM1,-0.09517590017610189,0.9900760411327653,GEARS,64,1798112
368,NDUFB3,-0.4715722264101976,0.9967139427800972,GEARS,64,1798112
369,GTF3C6,-0.23288840366656327,0.9953358931050039,GEARS,64,1798112
370,GUK1,-0.007857130288036585,0.99611963012268,GEARS,64,1798112
371,SCD,-0.3486021385880158,0.9964196076572932,GEARS,64,1798112
372,MRPS10,-0.5170906947543554,0.9967001721120837,GEARS,64,1798112
373,MRPS27,-0.27205033105333265,0.9967326432744434,GEARS,64,1798112
374,CHCHD4,0.4403113677190559,0.988123348353877,GEARS,64,1798112
375,MRPS25,-0.7545519641123601,0.9957426599218989,GEARS,64,1798112
376,H3F3A,-0.4211398942132043,0.9964234068334749,GEARS,64,1798112
377,OIP5,-0.15293102357729826,0.9970332724384955,GEARS,64,1798112
378,RBM10,0.49950198351398944,0.9923988424590644,GEARS,64,1798112
379,PYROXD1,0.5074173283784226,0.990578658712746,GEARS,64,1798112
380,VPS35,0.6590531622153113,0.9941469407749667,GEARS,64,1798112
381,ATP5ME,-0.3267562245522835,0.9960525755265471,GEARS,64,1798112
382,COA5,-0.2949174647878152,0.9965092515491899,GEARS,64,1798112
383,ATP6V1G1,0.08841931339944364,0.995273496704848,GEARS,64,1798112
384,DDX1,0.1646938338587567,0.9937050656701547,GEARS,64,1798112
385,NAA30,-0.06799415632923567,0.994644891049527,GEARS,64,1798112
386,RPS29,0.54620649321186,0.9962584789482394,GEARS,64,1798112
387,RARS2,0.1193431131931596,0.996454640257928,GEARS,64,1798112
388,TPRKB,0.4053200388830174,0.990151883972513,GEARS,64,1798112
389,ZNF207,0.4516372698172455,0.9939461236606533,GEARS,64,1798112
390,HNRNPA1,-0.3929984284857313,0.99129683917651,GEARS,64,1798112
391,ELOB,0.09893830412776206,0.9846928098168403,GEARS,64,1798112
392,ING3,-0.11766055255880459,0.9942983184113071,GEARS,64,1798112
393,NUDCD3,0.3512281198933367,0.981659279010889,GEARS,64,1798112
394,PPP2R3C,-0.051563987952606194,0.9951080650891796,GEARS,64,1798112
395,GRSF1,-0.20708182579232814,0.9956091170310973,GEARS,64,1798112
396,SUDS3,-0.047098449251704366,0.982466355162209,GEARS,64,1798112
397,DCAF6,-0.28190225837051797,0.9963307701931955,GEARS,64,1798112
398,HMGB1,0.09282337055136447,0.9962506111894157,GEARS,64,1798112
399,ZNF292,0.08528782411255298,0.9948323924520553,GEARS,64,1798112
400,PRELID3B,-0.0057664125521703635,0.9844680084362251,GEARS,64,1798112
401,COX6C,-0.39827579711227434,0.9959335339019828,GEARS,64,1798112
402,RPS13,0.6529995137154322,0.9859323440994091,GEARS,64,1798112
403,CHD4,-0.01839879764327934,0.9813837860551565,GEARS,64,1798112
404,TPR,0.10590355208730684,0.9860434108487045,GEARS,64,1798112
405,TLCD1,-0.24394995761491778,0.9967229854386058,GEARS,64,1798112
406,LAMTOR4,-0.22064124240660576,0.9955623087841601,GEARS,64,1798112
407,GAPDH,-0.36862941111890213,0.9960709968820852,GEARS,64,1798112
408,KTI12,0.37960005402892394,0.9922558401959328,GEARS,64,1798112
409,DBR1,0.34325647387966884,0.9747962559948963,GEARS,64,1798112
410,THRAP3,-0.11118707386945959,0.9956182038758096,GEARS,64,1798112
411,MIOS,0.1161386579863729,0.9939616348325004,GEARS,64,1798112
412,KIF14,-0.7067951774816374,0.9963712291815091,GEARS,64,1798112
413,DRG1,-0.8306088851258582,0.9936407267658689,GEARS,64,1798112
414,TEN1,-0.21932386021088157,0.9963953964814385,GEARS,64,1798112
415,ZFR,-0.05443553409171065,0.9927779109160404,GEARS,64,1798112
416,RAC3,0.4633334369546187,0.9679958746766835,GEARS,64,1798112
417,UBE2L3,0.0795517933247859,0.9927449687468634,GEARS,64,1798112
418,ERAL1,-0.3649321837941859,0.9970221683141534,GEARS,64,1798112
419,EPB41L2,-0.024568264388237893,0.9907103640030243,GEARS,64,1798112
420,LARS2,-0.5038582508942475,0.9958914361073921,GEARS,64,1798112
421,ATP11B,0.5991247419700398,0.9908154551366322,GEARS,64,1798112
422,MRPS26,-0.3653480609709858,0.9963618724311761,GEARS,64,1798112
423,CCNC,-0.020655626193193166,0.9908922407952192,GEARS,64,1798112
424,MRPS11,-0.36752457192940624,0.9961841427118748,GEARS,64,1798112
425,PFN1,0.39594124759795446,0.9927714833002621,GEARS,64,1798112
426,STRIP1,-0.5771234422197278,0.9968163893637375,GEARS,64,1798112
427,POGZ,-0.3908504446773049,0.9970161086757486,GEARS,64,1798112
428,DPH6,-0.5800467771748012,0.99666586516154,GEARS,64,1798112
429,RPP21,0.48299239822738205,0.9860797529811864,GEARS,64,1798112
430,STAG2,-0.15293565113925944,0.9959641492608378,GEARS,64,1798112
431,MRPL14,-0.20405249076482623,0.9958771851367745,GEARS,64,1798112
432,ASCC3,0.34010039093200783,0.9848836604160198,GEARS,64,1798112
433,ADSL,-0.37295468523318465,0.9970860048731128,GEARS,64,1798112
434,DNAJC19,-0.43352221629126975,0.9970440307684812,GEARS,64,1798112
435,GPS2,-0.28000511129170835,0.9957708757274426,GEARS,64,1798112
436,PHF10,-0.0624882588994915,0.9950649589291166,GEARS,64,1798112
437,UBL5,0.6322207962264168,0.9806674834871809,GEARS,64,1798112
438,GFOD2,0.5799302592445648,0.9947756180845314,GEARS,64,1798112
439,SPG7,-0.22300878242719402,0.9958613876933374,GEARS,64,1798112
440,SNAPC3,-0.03205020415657445,0.9723653168180018,GEARS,64,1798112
441,DDB1,0.1145628677298518,0.9951314153427601,GEARS,64,1798112
442,CBX1,-0.26844205904836316,0.9960445779222632,GEARS,64,1798112
443,USP9X,-0.1371225580252573,0.9949734261144906,GEARS,64,1798112
444,RAD51D,-0.3388855003205946,0.9968581622839489,GEARS,64,1798112
445,SRCAP,-0.20292656145828336,0.9951032989392843,GEARS,64,1798112
446,MSRB1,-0.6374522670337839,0.9960830471693803,GEARS,64,1798112
447,TTC4,-0.08848635864561816,0.993324458205054,GEARS,64,1798112
448,MCM6,0.6617034112961403,0.9929890273368833,GEARS,64,1798112
449,SEH1L,0.5726993629794681,0.9914255976233302,GEARS,64,1798112
450,NSUN4,-0.5236087251012795,0.9966544558631865,GEARS,64,1798112
451,NCAPD2,0.36440775610061393,0.9964448616385543,GEARS,64,1798112
452,FAM50A,-0.26807499054262385,0.986933237443557,GEARS,64,1798112
453,DAXX,-0.11093433279297882,0.9929578832934313,GEARS,64,1798112
454,TIMM13,0.16324562747696714,0.9944452661283086,GEARS,64,1798112
455,SETX,-0.12100139461462756,0.9948188488578146,GEARS,64,1798112
456,EIF3B,0.6995620067108568,0.9830828670080354,GEARS,64,1798112
457,CMC4,-0.48867538290952206,0.9965757647225175,GEARS,64,1798112
458,SETDB1,-0.2668191190034159,0.995137056490586,GEARS,64,1798112
459,GON4L,0.2284835103816012,0.9963242312170488,GEARS,64,1798112
460,USP39,0.11916181659868164,0.9955272885108147,GEARS,64,1798112
461,RPL7,0.6466096971820166,0.9839703848432205,GEARS,64,1798112
462,TTC1,0.47999662618242167,0.9902310187642474,GEARS,64,1798112
463,UBE2N,-0.13945151423009716,0.994409187211445,GEARS,64,1798112
464,WBP1L,-0.4543942537862573,0.9969687200683828,GEARS,64,1798112
465,NFYC,0.4925027952132479,0.9897830834137994,GEARS,64,1798112
466,PELO,-0.23971181440079814,0.996433008046981,GEARS,64,1798112
467,DOLK,-0.020565177712787985,0.9944313637535632,GEARS,64,1798112
468,EIF3L,-0.6749427932367134,0.9923262972834156,GEARS,64,1798112
469,GARS,-0.008245143727316773,0.9845234047974288,GEARS,64,1798112
470,DDX54,-0.09100797027012875,0.995541633374824,GEARS,64,1798112
471,NDUFS3,-0.48131034879545775,0.9964465305094806,GEARS,64,1798112
472,DOHH,-0.16333840871318706,0.9938824452114882,GEARS,64,1798112
473,CYCS,-0.3539231049875493,0.9962342790264714,GEARS,64,1798112
474,CHTF18,0.30011326693401197,0.9961105356038095,GEARS,64,1798112
475,NDUFA11,-0.1652390554262968,0.996149789103836,GEARS,64,1798112
476,PGAM1,-0.16733801317186803,0.994435518170268,GEARS,64,1798112
477,HJURP,0.32412254825410935,0.9921099341577,GEARS,64,1798112
478,PDCD6,-0.451386648996726,0.9963973186153502,GEARS,64,1798112
479,TUBE1,-0.1938326519908833,0.9965297097165572,GEARS,64,1798112
480,CSTF1,0.733717456738912,0.9920776492905868,GEARS,64,1798112
481,PPIA,-0.28388741744626755,0.9954336308831778,GEARS,64,1798112
482,SRSF10,-0.12479367366108707,0.9949272454105677,GEARS,64,1798112
483,RUVBL1,0.06809072544911832,0.9485753834220084,GEARS,64,1798112
484,UQCRB,-0.17386523539871823,0.9951406716753841,GEARS,64,1798112
485,TADA2A,-0.09318059780399279,0.9944894682175153,GEARS,64,1798112
486,CCAR1,-0.1268286568744159,0.9954069151633583,GEARS,64,1798112
487,FASTKD5,-0.2504205423911361,0.9957062880792314,GEARS,64,1798112
488,TAF11,-0.16934738678834393,0.9934256056459594,GEARS,64,1798112
489,DDX42,-0.3808536878966555,0.9963036098870915,GEARS,64,1798112
490,METTL17,-0.24146335597323842,0.9954243900302053,GEARS,64,1798112
491,NKAPD1,-0.2867729949510278,0.9910621440351908,GEARS,64,1798112
492,MRPS7,-0.39053943452105533,0.996330185998938,GEARS,64,1798112
493,MRPS30,-0.22852023892188744,0.9960034777302796,GEARS,64,1798112
494,FAF2,-0.16598115535178648,0.9955004385613988,GEARS,64,1798112
495,ARID5B,-0.22778550277186627,0.991274865463131,GEARS,64,1798112
496,SFPQ,0.5212911191943654,0.9629189127009541,GEARS,64,1798112
497,MRPL10,-0.45786291579455485,0.9958954234747387,GEARS,64,1798112
498,SLC39A9,-0.15437192669064892,0.9950813194693071,GEARS,64,1798112
499,INF2,-0.13465238218747877,0.9950082596542202,GEARS,64,1798112
500,COTL1,-0.16019043699113333,0.9920479039290291,GEARS,64,1798112
501,LTBP4,0.03101277511957934,0.99225122443888,GEARS,64,1798112
502,TRMT6,-0.1521749610235985,0.9945161309965986,GEARS,64,1798112
503,IPO9,0.3782056798376602,0.9950289571114065,GEARS,64,1798112
504,FNBP4,-0.017466853807440952,0.983060465055749,GEARS,64,1798112
505,EWSR1,-0.18963427445054615,0.9961881807882018,GEARS,64,1798112
506,MAGOH,-0.0784706417240284,0.9949206274664183,GEARS,64,1798112
507,PRKCA,-0.13759579667344335,0.9925329069644853,GEARS,64,1798112
508,COX11,0.04962002398854537,0.9869378219461504,GEARS,64,1798112
509,ANAPC13,-0.022669116362108,0.9954155429747299,GEARS,64,1798112
510,ARFRP1,-0.8408597578589172,0.9957551828015919,GEARS,64,1798112
511,ORC5,0.3438194753091214,0.9962588487744037,GEARS,64,1798112
512,EIF2B5,0.7237723980033715,0.9809670218207569,GEARS,64,1798112
513,FDXR,-0.4984276805463117,0.9953590559848005,GEARS,64,1798112
514,ALG14,0.06285554930371196,0.9880276741214771,GEARS,64,1798112
515,WAC,-0.08086049319336208,0.9905272197198335,GEARS,64,1798112
516,NDUFA4,-0.3852896698650603,0.9957631514061448,GEARS,64,1798112
517,LSM12,-0.21674197998218747,0.9941951568583108,GEARS,64,1798112
518,TAMM41,-0.2153650405914993,0.991883605842067,GEARS,64,1798112
519,ATP6V0B,0.264464748409161,0.9946874633570506,GEARS,64,1798112
520,TOMM22,0.21819433187492765,0.9909874968407525,GEARS,64,1798112
521,AIFM1,-0.36004044536554436,0.995698001826073,GEARS,64,1798112
522,UFL1,-0.23344898229905686,0.995272113904398,GEARS,64,1798112
523,BAP1,0.43662556883590975,0.993837864120251,GEARS,64,1798112
524,RPLP0,0.5940914566461201,0.9864376103955019,GEARS,64,1798112
525,NUP88,0.7282930757443558,0.9907896238224182,GEARS,64,1798112
526,CCDC130,0.532968510676251,0.9943669220042584,GEARS,64,1798112
527,IWS1,0.239489506198159,0.9944395776988869,GEARS,64,1798112
528,DCTN4,0.15568729810144133,0.9685977462343676,GEARS,64,1798112
529,NELFCD,0.30446931436692826,0.985944102398635,GEARS,64,1798112
530,NUP153,0.42249666858374624,0.9904702639454758,GEARS,64,1798112
531,UPF2,-0.03306079636249826,0.9823115139622685,GEARS,64,1798112
532,GET1,-0.25291709670056695,0.9957714104439817,GEARS,64,1798112
533,PRPF3,0.6798749984269975,0.9805609065422118,GEARS,64,1798112
534,HSPA9,0.1013427905733183,0.9581385402886191,GEARS,64,1798112
535,DNMT1,0.2488905691362573,0.9897292009505794,GEARS,64,1798112
536,TNRC6A,0.42640124231376253,0.9902938645177681,GEARS,64,1798112
537,PGK1,-0.09797808206796077,0.9932891168153273,GEARS,64,1798112
538,ENO1,-0.4209506071633857,0.9946326447439208,GEARS,64,1798112
539,RPUSD3,0.15088431247511114,0.9948293493762383,GEARS,64,1798112
540,RPL35A,0.7116051228602653,0.9865670141860627,GEARS,64,1798112
541,HNRNPL,0.29080409762938353,0.9958223672895856,GEARS,64,1798112
542,ZC3H13,0.26895293176440815,0.9716852242156803,GEARS,64,1798112
543,VEZT,-0.15964789040316374,0.9962750864335203,GEARS,64,1798112
544,UNC45A,-0.01497482984306342,0.9966917117061984,GEARS,64,1798112
545,NDC1,0.16350349411110088,0.9938942299874143,GEARS,64,1798112
546,MRPL28,-0.3819691133164551,0.9959506499940818,GEARS,64,1798112
547,TRAPPC5,0.313430526644877,0.9678374726229795,GEARS,64,1798112
548,WDR77,0.09211571222344017,0.9922261799587722,GEARS,64,1798112
549,TFB1M,-0.384916211614557,0.9968650168084302,GEARS,64,1798112
550,SPEN,-0.21856146329826864,0.9956883832172094,GEARS,64,1798112
551,BRIP1,-0.004538901749203461,0.996544983690498,GEARS,64,1798112
552,NDUFA6,-0.3275237408545193,0.996565339531634,GEARS,64,1798112
553,MRPL19,-0.09861332122190625,0.9921308863737548,GEARS,64,1798112
554,TIMM10,0.5829026502196178,0.9922255153025922,GEARS,64,1798112
555,RPA3,0.15088781699341947,0.9750327962610116,GEARS,64,1798112
556,INPPL1,0.26861590769099386,0.9949707813154512,GEARS,64,1798112
557,ELP3,0.2927676433968359,0.9774946700242275,GEARS,64,1798112
558,RPL23,0.7065136858154536,0.9841108064486465,GEARS,64,1798112
559,RABGGTB,0.5485982127917326,0.9781887639334288,GEARS,64,1798112
560,BTF3,0.6679433009960029,0.9929950421435559,GEARS,64,1798112
561,NUP133,0.6270941388114057,0.9899137239261865,GEARS,64,1798112
562,SARS2,-0.8359289167896784,0.9925583557308486,GEARS,64,1798112
563,EEF2,-0.014995205543250512,0.9856255652060719,GEARS,64,1798112
564,H2AFX,-0.2959101993354947,0.9968093767002816,GEARS,64,1798112
565,WNK1,-0.14232873837714766,0.9941168265695403,GEARS,64,1798112
566,MRPL20,-0.14957069329616002,0.9945929271622672,GEARS,64,1798112
567,NDUFS5,-0.3463554434585243,0.9962125930907554,GEARS,64,1798112
568,COPG1,-0.24694607477117025,0.9960183729717013,GEARS,64,1798112
569,MAD2L1,0.6422263811693498,0.9933861977092096,GEARS,64,1798112
570,PRDM4,-0.3021170848481891,0.9955698649312925,GEARS,64,1798112
571,ATP5F1B,-0.3834265466720945,0.9954687429369875,GEARS,64,1798112
572,GTF3C5,0.06547993219414083,0.9945721387945488,GEARS,64,1798112
573,HNRNPM,-0.21891278122922397,0.996570408367433,GEARS,64,1798112
574,VPS25,0.024616631714187043,0.9941964080348986,GEARS,64,1798112
575,MYSM1,-0.36792807030365693,0.9964907353119948,GEARS,64,1798112
576,SNRPC,0.08080375406615448,0.9436903070526513,GEARS,64,1798112
577,POLD2,0.6491671481294952,0.9935668057609593,GEARS,64,1798112
578,CCNB1,-0.3571885925989826,0.9964590683796726,GEARS,64,1798112
579,TFB2M,-0.3655898763085037,0.9962398807838906,GEARS,64,1798112
580,CHMP6,0.4285701156305486,0.9842263470368092,GEARS,64,1798112
581,XRCC1,-0.2741574428938458,0.9957531275752145,GEARS,64,1798112
582,MMGT1,-0.45941874106827485,0.9958588699441612,GEARS,64,1798112
583,DTYMK,-0.22747537523785333,0.9957538200287,GEARS,64,1798112
584,UHRF1,0.3389157467617544,0.9923051376394534,GEARS,64,1798112
585,LRP5,0.0476070536881783,0.9937964057990802,GEARS,64,1798112
586,PPP2CA,0.5704990269681007,0.9952538848928609,GEARS,64,1798112
587,SLC7A6OS,0.3473844481439847,0.9924785157794571,GEARS,64,1798112
588,TBPL1,0.044569492014947976,0.993472252568088,GEARS,64,1798112
589,PSMC5,0.4550905660680986,0.9636918312916188,GEARS,64,1798112
590,NCOA4,-0.33209620040796706,0.9964405412352967,GEARS,64,1798112
591,PSME2,-0.5233498785790596,0.9953899231150154,GEARS,64,1798112
592,CDC16,0.6180252736881184,0.994201826638808,GEARS,64,1798112
593,CFDP1,0.21919631008079266,0.9914411271016664,GEARS,64,1798112
594,MRPL46,-0.2147250743142861,0.9959135434095912,GEARS,64,1798112
595,NUP98,0.6856612916484027,0.985989445699537,GEARS,64,1798112
596,NDUFB7,-0.33007547499986445,0.9961559917017374,GEARS,64,1798112
597,METTL21A,-0.06996429844273844,0.9838648094874701,GEARS,64,1798112
598,BUB1B,0.6017746960122232,0.9961882572669901,GEARS,64,1798112
599,BCS1L,-0.36582611984432534,0.9965691578137525,GEARS,64,1798112
600,ELOVL1,-0.41139073003727455,0.9955726228624389,GEARS,64,1798112
601,CDT1,0.29020787346395993,0.9790654263679165,GEARS,64,1798112
602,USF2,0.1486919321718485,0.9925675788197934,GEARS,64,1798112
603,SGPP1,-0.36005459546526386,0.996305398643873,GEARS,64,1798112
604,RBMX2,0.4733073413666248,0.9786186386702388,GEARS,64,1798112
605,CS,-0.20954462425968412,0.9957053501289099,GEARS,64,1798112
606,ARGLU1,0.0606637764863317,0.9929223754765503,GEARS,64,1798112
607,NDUFAF3,-0.30272664318286036,0.9961595576311447,GEARS,64,1798112
608,MLLT6,0.637930233198666,0.9932711713689025,GEARS,64,1798112
609,METTL1,-0.2347945145981427,0.9951962242545073,GEARS,64,1798112
610,TRMT10C,-0.15955205690978347,0.9954660880909285,GEARS,64,1798112
611,SART1,0.6506694852777022,0.9608631970123003,GEARS,64,1798112
612,UBR5,-0.1389195550619058,0.9933977012487664,GEARS,64,1798112
613,IRF2BP2,-0.23364736452191548,0.9934791482250737,GEARS,64,1798112
614,KDM5C,-0.24108920838247494,0.9962873612868341,GEARS,64,1798112
615,SPTSSA,-0.2530960489748384,0.9950877643263611,GEARS,64,1798112
616,ACTR6,0.07367535141497794,0.9904489107398076,GEARS,64,1798112
617,MRPS35,-0.32582973632929924,0.9957201471867126,GEARS,64,1798112
618,EIF2B3,0.7272344515966316,0.9785371593436007,GEARS,64,1798112
619,EFTUD2,0.683423094028504,0.980708578741863,GEARS,64,1798112
620,CNIH4,-0.31019978648512403,0.9954829754938682,GEARS,64,1798112
621,ELAC2,0.29685118748267336,0.9915092701690721,GEARS,64,1798112
622,ELP5,0.2797430729736716,0.9912259971687268,GEARS,64,1798112
623,KLC2,-0.40258208151315844,0.9961792734455032,GEARS,64,1798112
624,NASP,-0.16605931259627416,0.9952183764792365,GEARS,64,1798112
625,PTPMT1,-0.10849822569213519,0.9950578640895027,GEARS,64,1798112
626,MRPS28,-0.23122075588948032,0.9952466522602361,GEARS,64,1798112
627,ATP1A1,-0.16419918218238938,0.9956787706760033,GEARS,64,1798112
628,LSM10,0.11537189933394487,0.9927910624178196,GEARS,64,1798112
629,ZNF236,0.5777061837352313,0.9911460697442838,GEARS,64,1798112
630,TUBGCP4,0.7306826523776684,0.9945976794182382,GEARS,64,1798112
631,PABPC1,0.005528196269215635,0.9686279976009762,GEARS,64,1798112
632,MRPS23,-0.255990075010893,0.9961124169026784,GEARS,64,1798112
633,CIAO1,-0.013291600125045822,0.9891227634376678,GEARS,64,1798112
634,CUL3,-0.14681134818653274,0.9842575004821233,GEARS,64,1798112
635,DCTN2,0.7264363934319313,0.9928475339785816,GEARS,64,1798112
636,PGD,0.009631531286249273,0.9959254221197581,GEARS,64,1798112
637,RTTN,0.01869720991998347,0.9933870942088302,GEARS,64,1798112
638,MTOR,0.13143225234419365,0.9597757069827285,GEARS,64,1798112
639,PSME1,-0.34392907001188977,0.9907956061963954,GEARS,64,1798112
640,HSPE1,0.19044704963146541,0.972001220671117,GEARS,64,1798112
641,SERBP1,-0.2761684390921926,0.9934319801611717,GEARS,64,1798112
642,EIF2B1,0.6551260018513325,0.9863653307613702,GEARS,64,1798112
643,GRPEL1,0.5942935975351751,0.9880457666989717,GEARS,64,1798112
644,SNRNP200,0.6874837642898244,0.9677623189391389,GEARS,64,1798112
645,TSFM,-0.2798405219479647,0.996248912625399,GEARS,64,1798112
646,SUPV3L1,-0.14912215260285322,0.9957428099536333,GEARS,64,1798112
647,GMPPB,-0.38698937399546307,0.996240630038391,GEARS,64,1798112
648,BPTF,0.44200700295353557,0.9940390748296645,GEARS,64,1798112
649,WDR83OS,-0.2850003971584494,0.9951680493865246,GEARS,64,1798112
650,KCTD10,0.10655681524213956,0.9937403702400192,GEARS,64,1798112
651,GBF1,0.49592769421364424,0.972182381950456,GEARS,64,1798112
652,NDC80,0.7112741332957921,0.9948723653128223,GEARS,64,1798112
653,RCCD1,0.3618006437250809,0.994239395734679,GEARS,64,1798112
654,MEN1,-0.1521586389257763,0.9934906376266883,GEARS,64,1798112
655,PFDN4,-0.36017762812538945,0.9961189582711235,GEARS,64,1798112
656,TEFM,-0.046099025877633926,0.9935644560839297,GEARS,64,1798112
657,TRA2B,-0.02151031833691608,0.9931182386144771,GEARS,64,1798112
0,TFAM,-27.943868064792706,0.9515259442695392,GEARS,16,448880
1,SLC1A5,-165.03791149819187,0.9374816889931806,GEARS,16,448880
2,GFM1,-59.38314504507929,0.9452545847550625,GEARS,16,448880
3,MRPL36,-50.717246020621545,0.9418452011406581,GEARS,16,448880
4,TARDBP,-11.142545220547428,0.939298646835393,GEARS,16,448880
5,PPP6C,-13.507813897868862,0.9419182426858754,GEARS,16,448880
6,MRPL35,-89.567083172382,0.9393697580621531,GEARS,16,448880
7,CCDC6,-35.364459260428404,0.9454022650945169,GEARS,16,448880
8,GTF3C4,-12.556787813776312,0.9415509818809238,GEARS,16,448880
9,BCAR1,-165.71070187161823,0.9457104614982775,GEARS,16,448880
10,MYBL2,-65.75304005221736,0.9469770499680897,GEARS,16,448880
11,FBXO42,-66.27618461805703,0.9400647257583513,GEARS,16,448880
12,HSD17B10,-36.63355078016665,0.9444406280044588,GEARS,16,448880
13,POGLUT3,-30.320697947310155,0.94020850841248,GEARS,16,448880
14,CLOCK,-4.852599206805238,0.9521907643039057,GEARS,16,448880
15,TMEM214,-20.75875293269759,0.9307280830693807,GEARS,16,448880
16,TWF1,-86.54458084413986,0.9513666381076675,GEARS,16,448880
17,TMEM242,-63.46967138947312,0.93590937147988,GEARS,16,448880
18,TACC3,-68.93608873734603,0.9391220928492933,GEARS,16,448880
19,TPT1,-7.69720654789289,0.9289380432674847,GEARS,16,448880
20,ANAPC15,-81.6654917561469,0.9518349795797489,GEARS,16,448880
21,FAM136A,-61.85098410917154,0.9451053547825046,GEARS,16,448880
22,SPC25,-2.458741801431781,0.8936438523302614,GEARS,16,448880
23,SMG5,-1.7722885856259225,0.9442308248146656,GEARS,16,448880
24,IK,-12.528728538712768,0.9336941678267008,GEARS,16,448880
25,SSBP3,-88.1352291649497,0.9419250859906461,GEARS,16,448880
26,ZNF718,-61.6234738790628,0.9484068058492634,GEARS,16,448880
27,BCL2L1,-53.63754246817416,0.9412165627367017,GEARS,16,448880
28,ZDHHC7,-8.847835026919375,0.9420529641420329,GEARS,16,448880
29,DDX19A,-49.746554654449696,0.9430140906589144,GEARS,16,448880
30,EIF4B,-19.93400909096227,0.9312526549182388,GEARS,16,448880
31,SLC35G2,-55.603688207164474,0.9394618347820197,GEARS,16,448880
32,ADAM10,-15.046948071076237,0.94742631196822,GEARS,16,448880
33,WTAP,-7.000480579086265,0.9280508268498294,GEARS,16,448880
34,LAMTOR1,-14.321484310743454,0.9301231478879337,GEARS,16,448880
35,DDX19B,-67.88529864595237,0.946301209290173,GEARS,16,448880
36,PPP1R37,-11.441809888324393,0.9133389190854458,GEARS,16,448880
37,INTS14,-8.259605337009384,0.951992917433256,GEARS,16,448880
38,TRNT1,-2.969881956063054,0.8953383145415441,GEARS,16,448880
39,CCNK,-37.760235528933634,0.9463085240257042,GEARS,16,448880
40,TIMM23B,-1.4773155850633173,0.9093415464870924,GEARS,16,448880
41,RHOQ,-59.2223964983447,0.9422783138925137,GEARS,16,448880
42,CLASRP,-14.459134436927053,0.9416754848954622,GEARS,16,448880
43,PCBP2,-21.614450378670966,0.9567605896527354,GEARS,16,448880
44,PMF1,-5.820726438993039,0.9154914248775904,GEARS,16,448880
45,HSD17B12,-57.23734068582168,0.9398043788147328,GEARS,16,448880
46,DNM1,-53.394812116193,0.9484612625229232,GEARS,16,448880
47,SRSF11,-35.23293449432163,0.9528965122244395,GEARS,16,448880
48,CENPT,-50.17149070905083,0.9504111471651273,GEARS,16,448880
49,NAA35,-14.063574245521387,0.9522269072494884,GEARS,16,448880
50,TFRC,-39.55779574976673,0.9387022225176737,GEARS,16,448880
51,SNX15,-54.58205714069025,0.9387335677156257,GEARS,16,448880
52,INTS13,-10.29227945927248,0.9496423770219585,GEARS,16,448880
53,UBTF,-37.09436417666949,0.9467652500674658,GEARS,16,448880
54,PPP2R1A,-4.783865071357336,0.9399841268070472,GEARS,16,448880
55,GYG1,-13.35322445339166,0.9474553635842108,GEARS,16,448880
56,PSTK,-26.34374683739627,0.9312882055482927,GEARS,16,448880
57,MRPL39,-40.332336113014335,0.941058107333129,GEARS,16,448880
58,ZBTB17,-19.415816850778434,0.9419958459245072,GEARS,16,448880
59,ATP6AP2,-20.814637250232405,0.9313612463179768,GEARS,16,448880
60,YRDC,-32.79587050360431,0.9467040290715444,GEARS,16,448880
61,GTF2E2,-1.4923339883715916,0.9144956136961058,GEARS,16,448880
62,UBE2M,-7.7435766676519915,0.9558549365104528,GEARS,16,448880
63,TUBB,-15.455336375667702,0.9360677694550571,GEARS,16,448880
64,BTF3L4,-46.773985679468275,0.9425066383324994,GEARS,16,448880
65,CSE1L,-2.087374789923409,0.8441197555768842,GEARS,16,448880
66,H2AFZ,-13.323852555093483,0.9460219700684258,GEARS,16,448880
67,VPS41,-24.066004079620356,0.9490294048500666,GEARS,16,448880
68,DSTYK,-19.177366551898242,0.943919713909386,GEARS,16,448880
69,PSMG3,-15.496831755623305,0.9472633321167785,GEARS,16,448880
70,MRPL38,-7.375617577668459,0.9506807214927618,GEARS,16,448880
71,ANKS6,-45.63353767361531,0.9456077537210822,GEARS,16,448880
72,MRPL16,-38.08738133314014,0.9455968121838199,GEARS,16,448880
73,NAGLU,-34.934066649128965,0.9476531628052517,GEARS,16,448880
74,HMGCS1,-19.114270800073616,0.9334746229614703,GEARS,16,448880
75,TKT,-35.144796609489745,0.9419556787713632,GEARS,16,448880
76,GLRX5,-35.6902358658988,0.942330942668211,GEARS,16,448880
77,SIRT7,-7.135339320892088,0.9096491023134166,GEARS,16,448880
78,SSU72,-1.9034730601070278,0.8876399124886576,GEARS,16,448880
79,SLC7A5,-36.63115051972311,0.9477387023533442,GEARS,16,448880
80,MRPS21,-43.73061388012631,0.9356325176232828,GEARS,16,448880
81,ATP6V0C,-10.908714043560689,0.9316965240343646,GEARS,16,448880
82,UROD,-28.764719453011082,0.9385830988704156,GEARS,16,448880
83,MCL1,-41.7646562032147,0.9436582260848577,GEARS,16,448880
84,WDR54,-37.389678036230265,0.9468523977371701,GEARS,16,448880
85,HIRA,-9.949547796384216,0.9359322633984103,GEARS,16,448880
86,CACNB3,-53.47482645698197,0.9413205933760534,GEARS,16,448880
87,GPS1,-1.189491328646012,0.9372500906587364,GEARS,16,448880
88,DYNLRB1,-20.199351229633326,0.9286737486813955,GEARS,16,448880
89,SART3,-1.7397557099114858,0.8968699081244487,GEARS,16,448880
90,JAZF1,-11.706480701619604,0.932707811531089,GEARS,16,448880
91,HSCB,-2.782370227282856,0.9431749802374099,GEARS,16,448880
92,CNN2,-38.5372091466955,0.9404052544338074,GEARS,16,448880
93,TRAPPC11,-0.39973309891133324,0.943665472284206,GEARS,16,448880
94,ACTB,-6.310536478724368,0.9520712117410609,GEARS,16,448880
95,LTBP3,-33.449331508644654,0.9414193567027818,GEARS,16,448880
96,MAD2L2,-20.30438686813368,0.9376732368223651,GEARS,16,448880
97,POLR1C,-33.87841605362139,0.9392247139971075,GEARS,16,448880
98,VPS54,-21.46815651736116,0.9350776043675195,GEARS,16,448880
99,PKM,-36.85062841075594,0.9379818510261294,GEARS,16,448880
100,ATP5MF,-21.717641896042675,0.9377434059438983,GEARS,16,448880
101,HUS1,-24.90339543915141,0.9430141783426824,GEARS,16,448880
102,RAB4B,-21.04628700780698,0.9385973680489115,GEARS,16,448880
103,SNRNP40,-17.304590619025774,0.9454627749903275,GEARS,16,448880
104,RRM2,-3.806968231715797,0.9380596584637433,GEARS,16,448880
105,RSL1D1,-14.753924291832533,0.951963751586873,GEARS,16,448880
106,MRPS16,-31.388530980472368,0.943564359994967,GEARS,16,448880
107,NAPG,-19.568906244202783,0.9344604598681618,GEARS,16,448880
108,SEC16A,-16.299225980809236,0.9483547825864713,GEARS,16,448880
109,DDX46,-12.262491853076108,0.9396544117369096,GEARS,16,448880
110,NARS2,-42.326233589756754,0.9426569636349851,GEARS,16,448880
111,SLC25A10,-33.931875790632525,0.9418855873353174,GEARS,16,448880
112,AP2M1,-24.419887159976707,0.9449451724975425,GEARS,16,448880
113,MFN2,-17.476852332526622,0.9534988789441857,GEARS,16,448880
114,EFR3A,-27.354264662335556,0.9366436443642763,GEARS,16,448880
115,DYNLL2,-22.89352678703013,0.9357801534056223,GEARS,16,448880
116,MRPL41,-22.295643350684752,0.9428467753728448,GEARS,16,448880
117,ZRSR2,-17.419858476831983,0.9441469944647781,GEARS,16,448880
118,MRPL24,-36.02351661056383,0.9292633244080502,GEARS,16,448880
119,KRT8,-41.90582663885793,0.9356734390289081,GEARS,16,448880
120,METTL3,-5.051458377682488,0.9210927847184983,GEARS,16,448880
121,ARL2,-15.550661212512427,0.9497705362263317,GEARS,16,448880
122,MTG2,-36.02223299601355,0.9383957842878909,GEARS,16,448880
123,ZMAT2,-3.2656327423390294,0.8969610713009626,GEARS,16,448880
124,C1orf109,-44.62717051141166,0.942012884086964,GEARS,16,448880
125,PDCD6IP,-34.54888943631751,0.9498709105472798,GEARS,16,448880
126,MRPS6,-30.680035525205437,0.9405618992763771,GEARS,16,448880
127,KDM6A,-25.46571925876786,0.9522303264808554,GEARS,16,448880
128,RNF8,-18.815011223297343,0.937157808680688,GEARS,16,448880
129,POLRMT,-4.677113156686617,0.9369333250625638,GEARS,16,448880
130,KPNB1,-1.9077731083481124,0.9234494767525414,GEARS,16,448880
131,FAM207A,-36.919593508161256,0.93811580653288,GEARS,16,448880
132,ZNF706,-34.7319798412212,0.9373289671166927,GEARS,16,448880
133,TUBA1B,-16.169367324003986,0.9525310960068778,GEARS,16,448880
134,TSR1,-9.452657427846987,0.9534692355454571,GEARS,16,448880
135,ATP5PD,-27.758735400594695,0.9405060502078992,GEARS,16,448880
136,CDK2,-13.23028064610891,0.9528994421553038,GEARS,16,448880
137,PTEN,-4.9790808069649355,0.9596192358261383,GEARS,16,448880
138,YTHDC1,-1.728607462415245,0.9489106439770464,GEARS,16,448880
139,PCBP1,-6.935870011226776,0.9443297736375588,GEARS,16,448880
140,FBXW7,-29.022022926858636,0.9313386035209963,GEARS,16,448880
141,MBD3,-29.5521432239743,0.9408563154353285,GEARS,16,448880
142,DDX5,-14.314794009977803,0.9381520570476195,GEARS,16,448880
143,KRT10,-34.34903357630997,0.9536345519732878,GEARS,16,448880
144,MED19,-1.7291573626248282,0.9393035872321912,GEARS,16,448880
145,QRSL1,-36.32848849968384,0.9448160761741683,GEARS,16,448880
146,CDK6,-46.28667691496077,0.9398783465519808,GEARS,16,448880
147,GCLC,-41.53146228112704,0.9408803387551317,GEARS,16,448880
148,RTRAF,-4.9047829081560455,0.9041440687443362,GEARS,16,448880
149,FBLIM1,-35.51208175493384,0.9433501430151335,GEARS,16,448880
150,NXF1,-32.982057904804236,0.9475550097338966,GEARS,16,448880
151,PMPCB,-5.606015852571175,0.9310129781394778,GEARS,16,448880
152,COQ2,-32.02895351879695,0.9465607592807725,GEARS,16,448880
153,COX5A,-22.608136706329276,0.940003304644914,GEARS,16,448880
154,SDHAF2,-25.758694472145898,0.9443845476704422,GEARS,16,448880
155,SP1,-18.50630879509319,0.9426660941248584,GEARS,16,448880
156,NPLOC4,-2.1117225845243213,0.9141987277671286,GEARS,16,448880
157,SNW1,-19.228767765380084,0.9367943592998171,GEARS,16,448880
158,SRPRB,-7.195696134822883,0.9107663877075259,GEARS,16,448880
159,MRPL27,-29.0677106443358,0.9358560549395081,GEARS,16,448880
160,PTMA,-17.706351369802846,0.9396881882269367,GEARS,16,448880
161,RABGGTA,-0.64622144593547,0.9501182360387949,GEARS,16,448880
162,MBTPS1,-29.382120256535014,0.9427109762547705,GEARS,16,448880
163,TARS2,-25.575296579030635,0.9429107864439121,GEARS,16,448880
164,C17orf58,-14.71528616736803,0.9564824458341189,GEARS,16,448880
165,GNPNAT1,-25.44711120169303,0.9439127594243379,GEARS,16,448880
166,DPY19L4,-19.210399098017298,0.9472432784339491,GEARS,16,448880
167,USP14,-4.124386566617567,0.9574888161007737,GEARS,16,448880
168,UQCRC1,-35.76088692363801,0.9400321840668003,GEARS,16,448880
169,CPSF3,-1.6960926461168095,0.9104788226876821,GEARS,16,448880
170,ABHD17A,-35.036991563884484,0.9385885084480171,GEARS,16,448880
171,MCM3,-2.090996945566561,0.9366282521171677,GEARS,16,448880
172,MKRN1,-29.435607422674213,0.950272356948636,GEARS,16,448880
173,IST1,-21.11194833116683,0.9495672942626656,GEARS,16,448880
174,KDM1A,-15.169782520809651,0.9339144613518603,GEARS,16,448880
175,RCC1,-3.1692843736528795,0.942616451811348,GEARS,16,448880
176,GRB2,-13.534746929875583,0.9515528777215576,GEARS,16,448880
177,TAF13,-8.434688743488977,0.9429826710653131,GEARS,16,448880
178,PRKRIP1,-29.85352676472315,0.9459269779577963,GEARS,16,448880
179,SUPT20H,-9.68535082036058,0.9418255840643797,GEARS,16,448880
180,JMJD6,-26.77954734898483,0.9334139694493514,GEARS,16,448880
181,RPL41,-21.534060348333078,0.9380124185125314,GEARS,16,448880
182,PRPF39,-18.92687834351927,0.9413650149064134,GEARS,16,448880
183,CPNE7,-11.219875499170412,0.9438023552866401,GEARS,16,448880
184,DDX23,-0.9012623403033799,0.8802968097650632,GEARS,16,448880
185,DHODH,-39.611653571575225,0.9401003295834999,GEARS,16,448880
186,MICOS10,-27.316027944704434,0.9416805982981057,GEARS,16,448880
187,RNF14,-36.04131146803382,0.9416704269508112,GEARS,16,448880
188,PGAM5,-12.112169438158997,0.9477377718728339,GEARS,16,448880
189,LIMS1,-28.18795765008058,0.9466463044724412,GEARS,16,448880
190,NDUFA3,-5.810181292851513,0.9549357769633281,GEARS,16,448880
191,RAB4A,-11.94235218756191,0.9403921977103935,GEARS,16,448880
192,DDX17,-11.86169913000092,0.9486579716989577,GEARS,16,448880
193,ATP6AP1,-15.962007488476075,0.9333969412735676,GEARS,16,448880
194,MANF,-32.031042548557025,0.9387502563541902,GEARS,16,448880
195,EIF4G2,-8.919962669304194,0.930531581643752,GEARS,16,448880
196,PPP1CA,-15.557263452555482,0.9403347618663884,GEARS,16,448880
197,DNAJA1,-30.936180496096657,0.9403195410929819,GEARS,16,448880
198,COX7C,-26.968363635966224,0.9313793912215977,GEARS,16,448880
199,SMAGP,-24.525114312331183,0.9424304542057,GEARS,16,448880
200,TSEN34,-32.70181336574397,0.9446782402935342,GEARS,16,448880
201,PCNX3,-25.60271015853264,0.9315654831971565,GEARS,16,448880
202,TUFM,-22.956707433967544,0.9441921437713706,GEARS,16,448880
203,MON1A,-5.202062478880476,0.9572124350378042,GEARS,16,448880
204,THOC7,-3.3956515481390266,0.9390717371465673,GEARS,16,448880
205,ACTR1B,-19.793941723825572,0.9457118257556564,GEARS,16,448880
206,SRSF6,-13.83340154587453,0.9425391656598421,GEARS,16,448880
207,TMED10,-5.15323074487439,0.9565786350242909,GEARS,16,448880
208,GET3,-20.204619480200307,0.9383546693938687,GEARS,16,448880
209,PTPN11,-23.723088925830037,0.9482072355454143,GEARS,16,448880
210,HNRNPH1,-10.102534715299788,0.9409467628279642,GEARS,16,448880
211,PLK4,-2.542283755986749,0.9205066864239954,GEARS,16,448880
212,POLR2I,-2.358516962820694,0.8763973740089009,GEARS,16,448880
213,EHMT2,-4.0341598314734375,0.9033047929513124,GEARS,16,448880
214,TXNL4B,-18.58479121597398,0.9448645101000184,GEARS,16,448880
215,USP5,-9.930593087708028,0.9473833580548876,GEARS,16,448880
216,TFDP1,-8.88755827569105,0.9489118834746435,GEARS,16,448880
217,POLR2M,-6.2244990721286,0.9282660966629308,GEARS,16,448880
218,CABIN1,-20.15440559185481,0.939359597555097,GEARS,16,448880
219,CKAP5,-22.381496348356247,0.9404450259900529,GEARS,16,448880
220,PRMT5,-21.804424073319048,0.9443180889220274,GEARS,16,448880
221,MRPL34,-4.365870045479961,0.920317742714357,GEARS,16,448880
222,SRA1,-10.641550192046484,0.9379970653387071,GEARS,16,448880
223,HAUS8,-3.7150987009702297,0.9398391780347558,GEARS,16,448880
224,SBNO1,-11.906907371212585,0.9366127828063113,GEARS,16,448880
225,ELL,-2.1607544304687036,0.9461043542575461,GEARS,16,448880
226,TOX4,-10.69877708090524,0.929480809457462,GEARS,16,448880
227,NBEAL1,-21.727461969130978,0.9602151369268943,GEARS,16,448880
228,CASC3,-7.767728741522948,0.9399034270436737,GEARS,16,448880
229,MALSU1,-24.295230397817473,0.9371355259091949,GEARS,16,448880
230,PCID2,-13.46544737781494,0.9470145561842589,GEARS,16,448880
231,EIF4H,-15.640418628804305,0.9330190702135254,GEARS,16,448880
232,PPME1,-24.45871385578055,0.937702844378023,GEARS,16,448880
233,ZNF574,-14.41585925257154,0.9491197352301739,GEARS,16,448880
234,SON,-5.287592229671036,0.9354857816043278,GEARS,16,448880
235,WBP11,-8.96561560738895,0.9443142636470807,GEARS,16,448880
236,MRPL3,-24.66697847103144,0.9422294945448089,GEARS,16,448880
237,MRPS5,-27.329148313746117,0.9438086838601879,GEARS,16,448880
238,NISCH,-32.796342779967766,0.9458372206925082,GEARS,16,448880
239,COX10,-27.610602977538836,0.9413872237939969,GEARS,16,448880
240,UXS1,-17.278859044139544,0.943548540371506,GEARS,16,448880
241,NDUFB4,-27.680251853253214,0.9448706683503064,GEARS,16,448880
242,MRPL33,-21.22374742313861,0.9306399304401691,GEARS,16,448880
243,SS18L2,-32.37501604794308,0.9381297896552302,GEARS,16,448880
244,TUBGCP2,-2.4862374356380426,0.9309043924122892,GEARS,16,448880
245,BOP1,-21.178085612282146,0.9363142633588989,GEARS,16,448880
246,MRPL54,-26.578936345164074,0.9336602437783246,GEARS,16,448880
247,ORC4,-16.27016738725936,0.9451335885221437,GEARS,16,448880
248,ANKRD11,-13.371704387870086,0.9265647070424758,GEARS,16,448880
249,SF3B3,-0.8622206232732483,0.9001771588290923,GEARS,16,448880
250,EIF1,-9.105055775305631,0.9389953265896406,GEARS,16,448880
251,SRP72,-1.6360029120131205,0.8491010971077149,GEARS,16,448880
252,XPO5,-14.346001669805927,0.9401948511393816,GEARS,16,448880
253,LETM1,-7.3893584037627935,0.9277154828043743,GEARS,16,448880
254,ATP6V1B2,-7.490846057949714,0.9292619372771728,GEARS,16,448880
255,LIN54,-6.512102205360462,0.9446530905211433,GEARS,16,448880
256,KEAP1,-11.102387129830586,0.944334328629724,GEARS,16,448880
257,ASF1B,-27.20795478460213,0.9434938933874795,GEARS,16,448880
258,PHAX,-5.826718067525176,0.9309114059765267,GEARS,16,448880
259,ACIN1,-26.114639456678916,0.9489842411965492,GEARS,16,448880
260,EGLN2,-28.472105301507032,0.9495147440082851,GEARS,16,448880
261,TBCA,-27.06185754914987,0.9383234022573327,GEARS,16,448880
262,CENPA,-30.7803008950378,0.9417057095856349,GEARS,16,448880
263,DHX30,-10.805187842361882,0.9587033620526766,GEARS,16,448880
264,ATR,-2.9098673184112807,0.8858920695583441,GEARS,16,448880
265,CAMLG,-14.210559002254312,0.9408003479054381,GEARS,16,448880
266,NPEPPS,-21.301728172641766,0.9487318514153305,GEARS,16,448880
267,C9orf16,-13.559068982470071,0.9337163331754504,GEARS,16,448880
268,TM7SF2,-32.84234466981689,0.9434762467659364,GEARS,16,448880
269,CMPK1,-22.967835817392583,0.9369538148219915,GEARS,16,448880
270,MAT2A,-15.309735424915342,0.9362898789720175,GEARS,16,448880
271,PSAT1,-29.387116598964404,0.9444746956899035,GEARS,16,448880
272,MRPS17,-20.434245282183007,0.9538345130516843,GEARS,16,448880
273,DCTN3,-4.106380517327137,0.9162823051867909,GEARS,16,448880
274,DNAJA3,-10.321885821598084,0.9476037987951819,GEARS,16,448880
275,NRBP1,-14.184472696319222,0.9359746795076719,GEARS,16,448880
276,ABCF1,-8.930248527590503,0.9488849019176793,GEARS,16,448880
277,SF3A2,-7.16794764559253,0.9235768602123703,GEARS,16,448880
278,UBA2,-6.3789877449491765,0.9071546130292123,GEARS,16,448880
279,UBA52,-4.14843414856484,0.9434380703865517,GEARS,16,448880
280,PPIL1,-25.400517843706897,0.9400236060973678,GEARS,16,448880
281,E2F6,-30.037042977332153,0.9458279501026846,GEARS,16,448880
282,DCTN1,-31.479689758366632,0.9363826861715113,GEARS,16,448880
283,PARN,-11.016576116896674,0.9338079208871419,GEARS,16,448880
284,PRPF31,-1.3714427236957554,0.7828600389288908,GEARS,16,448880
285,IMPDH2,-18.390330648559043,0.9404206613326109,GEARS,16,448880
286,RNF20,-2.653683530806143,0.9444632175221287,GEARS,16,448880
287,HAUS4,-2.2614340924423724,0.9210495374310792,GEARS,16,448880
288,PRRC2A,-17.951160720093764,0.9323693329623166,GEARS,16,448880
289,SNF8,-20.85100995358949,0.9441506278995389,GEARS,16,448880
290,PET117,-9.7075764020651,0.9519367228030574,GEARS,16,448880
291,MIER1,-12.954849459370209,0.9493697361465484,GEARS,16,448880
292,NDUFB8,-19.390101197379774,0.9337928378331729,GEARS,16,448880
293,ELOF1,-7.4052876576231235,0.9123876304449996,GEARS,16,448880
294,MBTPS2,-21.308915483998632,0.9361311996185291,GEARS,16,448880
295,DNAJC8,-17.095014542432104,0.9377772871263471,GEARS,16,448880
296,EMC3,-13.900078308587146,0.9454330564263146,GEARS,16,448880
297,MRPL4,-22.563133626795288,0.941657001809727,GEARS,16,448880
298,NELFB,-3.196735063467173,0.8943993391216742,GEARS,16,448880
299,INTS8,-1.2381094902433318,0.9093817702413608,GEARS,16,448880
300,PRORP,-15.967101160316268,0.9484515797841555,GEARS,16,448880
301,THAP1,-0.6554755175979725,0.9316512157661455,GEARS,16,448880
302,FYN,-4.98178439631011,0.9454717456827295,GEARS,16,448880
303,PNISR,-20.818100606856014,0.944470381383105,GEARS,16,448880
304,TUBB2A,-13.973124097380447,0.9447881159173152,GEARS,16,448880
305,NEDD1,-17.605448015343224,0.9396355247590709,GEARS,16,448880
306,SRSF7,-1.732382930473927,0.9222445422759838,GEARS,16,448880
307,INO80C,-20.13918554786762,0.9406978793032227,GEARS,16,448880
308,PXN,-9.030025002304289,0.939375214981306,GEARS,16,448880
309,SHQ1,-2.686250118434188,0.9300669554220317,GEARS,16,448880
310,TIMM8A,-25.464096402604547,0.9437703769564264,GEARS,16,448880
311,NFATC2IP,-30.078812560479616,0.9365000856920722,GEARS,16,448880
312,PNPT1,-14.589967640729158,0.949328699118026,GEARS,16,448880
313,NFRKB,-8.54823408790422,0.9351099904306279,GEARS,16,448880
314,NUB1,-8.766690841455777,0.9089762050103178,GEARS,16,448880
315,HSPA8,-20.98756641646055,0.9376087735859528,GEARS,16,448880
316,GOLT1B,-3.8230677695390005,0.9472161561417953,GEARS,16,448880
317,EIF2B2,-0.8870410895645435,0.886292130325051,GEARS,16,448880
318,DRAP1,-14.49905954084138,0.9365546141613815,GEARS,16,448880
319,DERL2,-2.2051849552947984,0.9158235835970018,GEARS,16,448880
320,PSMB5,-0.20552332827079867,0.893473637238282,GEARS,16,448880
321,THAP11,-11.314244679181668,0.947063026872189,GEARS,16,448880
322,SIN3A,-6.752014841885776,0.935639748585333,GEARS,16,448880
323,CHTOP,-24.623068070406863,0.9385752246686383,GEARS,16,448880
324,CHORDC1,-9.097804510406892,0.9324722100223215,GEARS,16,448880
325,THOC6,-18.41285231128298,0.9351950030292131,GEARS,16,448880
326,MRPL1,-34.70907943028528,0.9380297519268056,GEARS,16,448880
327,ISCA2,-15.223866748159395,0.9294184013424162,GEARS,16,448880
328,NAA25,-6.302261458368086,0.9438722602127743,GEARS,16,448880
329,SPCS3,-10.896316246256633,0.9450619806309057,GEARS,16,448880
330,ARL4D,-20.59085537835338,0.9458791790388534,GEARS,16,448880
331,PPP1R8,-10.004365704763876,0.9274760453133063,GEARS,16,448880
332,PPA1,-7.595241116923791,0.9402997806115936,GEARS,16,448880
333,COPZ1,-26.588598174435568,0.9423515141209152,GEARS,16,448880
334,TP53I13,-14.422978605794865,0.9386960009327507,GEARS,16,448880
335,ATP2A2,-3.540567017244456,0.8980726887335861,GEARS,16,448880
336,WDR70,-1.1164395137214913,0.927475781562423,GEARS,16,448880
337,SOD2,-27.74848060418526,0.9460066030016956,GEARS,16,448880
338,VPS37A,-21.156970412035488,0.9463357100392773,GEARS,16,448880
339,RNASEH2C,-9.974672661236646,0.9432591221752232,GEARS,16,448880
340,HSP90B1,-8.572923496601858,0.9254017695500043,GEARS,16,448880
341,SMG7,-5.858207251288149,0.9403768847303005,GEARS,16,448880
342,SRP9,-5.811387372087525,0.899374313904427,GEARS,16,448880
343,SHC1,-26.593427844979338,0.9448774044121565,GEARS,16,448880
344,TEAD3,-26.145630846366462,0.9459390179158672,GEARS,16,448880
345,STXBP4,-23.93524086313678,0.9342272612803951,GEARS,16,448880
346,TMX2,-4.538958252526805,0.9389769221678212,GEARS,16,448880
347,NUP107,-1.3193517622557063,0.916414841549928,GEARS,16,448880
348,DAP3,-21.894847954990347,0.9472028165478288,GEARS,16,448880
349,COMTD1,-9.821794937922618,0.941274898293568,GEARS,16,448880
350,PAXBP1,-2.3962938613493923,0.9302523404449423,GEARS,16,448880
351,MRPL15,-22.392090358456798,0.9418505337750911,GEARS,16,448880
352,SLC39A10,-19.081807713504297,0.9366152510079212,GEARS,16,448880
353,KIAA1143,-28.71368216686604,0.9410436321064236,GEARS,16,448880
354,SMARCB1,-13.292354559270937,0.931682806391996,GEARS,16,448880
355,WDR4,-16.5950558984107,0.9389772521028321,GEARS,16,448880
356,PDCD5,-9.621669258229568,0.9357571410197498,GEARS,16,448880
357,MRPL50,-21.04894109674837,0.9498680407030939,GEARS,16,448880
358,INTS12,-15.287463851099748,0.9514243092799698,GEARS,16,448880
359,EMC7,-12.884014214188035,0.9426303466999294,GEARS,16,448880
360,CFL1,-13.219357773183544,0.9439168387124283,GEARS,16,448880
361,ARPC2,-8.520099897424037,0.9253315244223906,GEARS,16,448880
362,ATP5PO,-14.623268923582199,0.9480025717936968,GEARS,16,448880
363,TUBG1,-4.167457161851622,0.9386524133592059,GEARS,16,448880
364,ACTR1A,-25.78889103890772,0.9444877859820543,GEARS,16,448880
365,CENPW,-7.844289893153427,0.9448573801370901,GEARS,16,448880
366,SMG6,-8.674258325587859,0.9500439683498266,GEARS,16,448880
367,PITRM1,-8.675215541998558,0.9123278359432625,GEARS,16,448880
368,NDUFB3,-27.185166847464192,0.9370618245913599,GEARS,16,448880
369,GTF3C6,-14.887337847725052,0.9398970404305316,GEARS,16,448880
370,GUK1,-14.121767542339215,0.9417793953126595,GEARS,16,448880
371,SCD,-22.382406974041373,0.9379222469191316,GEARS,16,448880
372,MRPS10,-27.308920293229647,0.9384251943914202,GEARS,16,448880
373,MRPS27,-19.86521060408467,0.9464061409423671,GEARS,16,448880
374,CHCHD4,-3.674846991333628,0.9007992552656723,GEARS,16,448880
375,MRPS25,-23.488571527242485,0.940579601430546,GEARS,16,448880
376,H3F3A,-20.192246987029744,0.9466653163673391,GEARS,16,448880
377,OIP5,-23.536538423653084,0.9368624632547816,GEARS,16,448880
378,RBM10,-3.139633467742553,0.937130607584234,GEARS,16,448880
379,PYROXD1,-4.085846798687275,0.9027259760850226,GEARS,16,448880
380,VPS35,-2.969911078416767,0.9318482472156024,GEARS,16,448880
381,ATP5ME,-22.16035375951593,0.9310922792570386,GEARS,16,448880
382,COA5,-23.198797857527012,0.9347665635952653,GEARS,16,448880
383,ATP6V1G1,-10.78836586171881,0.9388778736951182,GEARS,16,448880
384,DDX1,-7.82959703502244,0.9334594479140246,GEARS,16,448880
385,NAA30,-7.483325905871686,0.9574631244766144,GEARS,16,448880
386,RPS29,-6.172586967990857,0.9408621217900549,GEARS,16,448880
387,RARS2,-13.934067381109188,0.9398782408438107,GEARS,16,448880
388,TPRKB,-2.199212852195077,0.947019873968021,GEARS,16,448880
389,ZNF207,-5.133176669010983,0.9322902686828096,GEARS,16,448880
390,HNRNPA1,-9.040687149862755,0.9372679010564241,GEARS,16,448880
391,ELOB,-4.29529352193704,0.9100438233023106,GEARS,16,448880
392,ING3,-12.764500854416077,0.9297811836292741,GEARS,16,448880
393,NUDCD3,-2.6142933619896733,0.8977874180631169,GEARS,16,448880
394,PPP2R3C,-13.174600434675087,0.9340589602610321,GEARS,16,448880
395,GRSF1,-15.606165431699633,0.9395933835650935,GEARS,16,448880
396,SUDS3,-3.6751340198404145,0.921714964347023,GEARS,16,448880
397,DCAF6,-19.0916732466312,0.9424909615173683,GEARS,16,448880
398,HMGB1,-14.245227945522508,0.936991005700301,GEARS,16,448880
399,ZNF292,-10.560207687769319,0.9346913507808611,GEARS,16,448880
400,PRELID3B,-4.324153489265208,0.9177794107502197,GEARS,16,448880
401,COX6C,-17.312509057511274,0.9467435556967135,GEARS,16,448880
402,RPS13,-1.3232868055830314,0.9058122376618123,GEARS,16,448880
403,CHD4,-5.443567749817239,0.8822123158605794,GEARS,16,448880
404,TPR,-3.3929995126400447,0.9314265373032394,GEARS,16,448880
405,TLCD1,-23.452792527839595,0.9355824913214953,GEARS,16,448880
406,LAMTOR4,-16.074367381785997,0.9379254380745801,GEARS,16,448880
407,GAPDH,-15.616353312145442,0.9522984794558664,GEARS,16,448880
408,KTI12,-5.386939774930776,0.9202748443162844,GEARS,16,448880
409,DBR1,-1.889571077572377,0.8891032576301372,GEARS,16,448880
410,THRAP3,-12.298475150541528,0.947559499266509,GEARS,16,448880
411,MIOS,-10.87350053959483,0.918882602345414,GEARS,16,448880
412,KIF14,-28.746792944267096,0.9367561523753699,GEARS,16,448880
413,DRG1,-14.150792359649458,0.9473683157796582,GEARS,16,448880
414,TEN1,-16.080646962931873,0.9495056546340965,GEARS,16,448880
415,ZFR,-6.657730685331361,0.9475503135455132,GEARS,16,448880
416,RAC3,-0.41929311367954214,0.9153604159900766,GEARS,16,448880
417,UBE2L3,-4.471732641422226,0.9568714557449365,GEARS,16,448880
418,ERAL1,-24.721521430360742,0.9438841266652201,GEARS,16,448880
419,EPB41L2,-4.552330792181827,0.9496576910441856,GEARS,16,448880
420,LARS2,-22.937607688027658,0.9346020872818246,GEARS,16,448880
421,ATP11B,-2.0007449283246217,0.9312492453102567,GEARS,16,448880
422,MRPS26,-16.62891930681757,0.9530257087282962,GEARS,16,448880
423,CCNC,-4.164435083622509,0.953915473609711,GEARS,16,448880
424,MRPS11,-17.326573526839635,0.9488626452635707,GEARS,16,448880
425,PFN1,-6.0265342222909695,0.9159164229613083,GEARS,16,448880
426,STRIP1,-25.456709661188736,0.9465939951027699,GEARS,16,448880
427,POGZ,-29.18225108650465,0.9352478496210976,GEARS,16,448880
428,DPH6,-23.42054359694429,0.9484690033454829,GEARS,16,448880
429,RPP21,-2.7775329612689337,0.8982912597666791,GEARS,16,448880
430,STAG2,-16.57738616963512,0.9384703674078411,GEARS,16,448880
431,MRPL14,-16.817068551582008,0.9389922985277463,GEARS,16,448880
432,ASCC3,-2.5848843776646797,0.9178809490108677,GEARS,16,448880
433,ADSL,-24.094243497363927,0.9467393175614213,GEARS,16,448880
434,DNAJC19,-27.67201967868387,0.9408773670508516,GEARS,16,448880
435,GPS2,-20.84687097669089,0.927818153676086,GEARS,16,448880
436,PHF10,-11.189682292617501,0.9433814137458629,GEARS,16,448880
437,UBL5,-1.1824511836092566,0.8852782508578152,GEARS,16,448880
438,GFOD2,-4.34926598282778,0.9334715031726504,GEARS,16,448880
439,SPG7,-15.58788169672814,0.9438672786463281,GEARS,16,448880
440,SNAPC3,-2.728461623361424,0.9001648803324536,GEARS,16,448880
441,DDB1,-10.6336402574385,0.9360323162354188,GEARS,16,448880
442,CBX1,-18.135449748476056,0.9403293353736291,GEARS,16,448880
443,USP9X,-11.513360288680987,0.9446855312727911,GEARS,16,448880
444,RAD51D,-20.82620743069776,0.948782474906542,GEARS,16,448880
445,SRCAP,-15.094745895645016,0.9344838148339542,GEARS,16,448880
446,MSRB1,-21.07892952805319,0.9471849485974614,GEARS,16,448880
447,TTC4,-8.019530694265917,0.9446844200838567,GEARS,16,448880
448,MCM6,-1.5931449973798086,0.9462587879346842,GEARS,16,448880
449,SEH1L,-4.23599686899094,0.8947399349593339,GEARS,16,448880
450,NSUN4,-23.30341956598774,0.9466344859449791,GEARS,16,448880
451,NCAPD2,-9.29548809413378,0.9424129463668347,GEARS,16,448880
452,FAM50A,-4.268850501398884,0.9457076127301576,GEARS,16,448880
453,DAXX,-6.512562469406427,0.9523785158988838,GEARS,16,448880
454,TIMM13,-10.052256519430614,0.9266303879489313,GEARS,16,448880
455,SETX,-14.152132388278341,0.9299684294733609,GEARS,16,448880
456,EIF3B,-1.3693302025402945,0.8665871990677723,GEARS,16,448880
457,CMC4,-27.074840994291215,0.9354225494686494,GEARS,16,448880
458,SETDB1,-12.437917209153495,0.9484158146914422,GEARS,16,448880
459,GON4L,-10.506872270628628,0.9451773196688835,GEARS,16,448880
460,USP39,-11.321648639316427,0.9374332533745904,GEARS,16,448880
461,RPL7,-0.6048519480589525,0.9271872377185626,GEARS,16,448880
462,TTC1,-2.834651783171359,0.9279607725162283,GEARS,16,448880
463,UBE2N,-11.062910462967176,0.9408123355429248,GEARS,16,448880
464,WBP1L,-24.578794183128238,0.9466881244336376,GEARS,16,448880
465,NFYC,-1.994338273173745,0.9397180830748818,GEARS,16,448880
466,PELO,-16.76029637436242,0.9488987412117195,GEARS,16,448880
467,DOLK,-8.448505693784844,0.9484144675291483,GEARS,16,448880
468,EIF3L,-13.537039747942698,0.933398966463782,GEARS,16,448880
469,GARS,-5.697456008350235,0.8971938360603978,GEARS,16,448880
470,DDX54,-12.940954705440184,0.9430307670721143,GEARS,16,448880
471,NDUFS3,-25.56812134721198,0.9362665571564063,GEARS,16,448880
472,DOHH,-11.356928116580844,0.9350196089082822,GEARS,16,448880
473,CYCS,-20.85000199966066,0.9392277073257589,GEARS,16,448880
474,CHTF18,-7.344953019387951,0.9536247850905213,GEARS,16,448880
475,NDUFA11,-19.00305466021548,0.9339054261218263,GEARS,16,448880
476,PGAM1,-11.020631421956317,0.9426998997632755,GEARS,16,448880
477,HJURP,-5.804067271153436,0.9205706027836527,GEARS,16,448880
478,PDCD6,-18.16618659477952,0.9524250385746186,GEARS,16,448880
479,TUBE1,-16.379000142594997,0.9494592602488006,GEARS,16,448880
480,CSTF1,-1.651298448099182,0.921119440128098,GEARS,16,448880
481,PPIA,-15.815011458992135,0.9401944843603386,GEARS,16,448880
482,SRSF10,-11.984568534698289,0.9414403446824465,GEARS,16,448880
483,RUVBL1,-1.977184684127606,0.8357129981509349,GEARS,16,448880
484,UQCRB,-14.908091726145114,0.9341469204585946,GEARS,16,448880
485,TADA2A,-8.591437087819106,0.9516512468139707,GEARS,16,448880
486,CCAR1,-12.63012624996338,0.9444420181027198,GEARS,16,448880
487,FASTKD5,-14.75472288338081,0.9459012075102203,GEARS,16,448880
488,TAF11,-9.174474863447072,0.9427962888844363,GEARS,16,448880
489,DDX42,-21.22882918110085,0.9404959228274995,GEARS,16,448880
490,METTL17,-13.703857032441514,0.9456746670548637,GEARS,16,448880
491,NKAPD1,-7.6578157547553385,0.9398632777656091,GEARS,16,448880
492,MRPS7,-19.29992070887867,0.9464258754648983,GEARS,16,448880
493,MRPS30,-21.769320641267317,0.9259286952495911,GEARS,16,448880
494,FAF2,-13.30593520179688,0.9447929033657924,GEARS,16,448880
495,ARID5B,-5.598159760330768,0.9531108393512049,GEARS,16,448880
496,SFPQ,-1.0525249318745282,0.8410101437175175,GEARS,16,448880
497,MRPL10,-25.291935686956975,0.925975713614664,GEARS,16,448880
498,SLC39A9,-12.414776638841765,0.9428407784809908,GEARS,16,448880
499,INF2,-10.834320305075822,0.9479366059401891,GEARS,16,448880
500,COTL1,-7.926776139425117,0.9388147160611382,GEARS,16,448880
501,LTBP4,-9.075617462369989,0.9194275256114546,GEARS,16,448880
502,TRMT6,-14.499095864283879,0.9262308120531041,GEARS,16,448880
503,IPO9,-7.277844267464342,0.9338213335274632,GEARS,16,448880
504,FNBP4,-4.438370275226414,0.9094580202430391,GEARS,16,448880
505,EWSR1,-14.642232779791687,0.9498792489549657,GEARS,16,448880
506,MAGOH,-13.127994098987587,0.9334600847034564,GEARS,16,448880
507,PRKCA,-9.137541558709612,0.933457941563853,GEARS,16,448880
508,COX11,-3.982602101735157,0.9315183005878596,GEARS,16,448880
509,ANAPC13,-14.371947629356688,0.9310900939916972,GEARS,16,448880
510,ARFRP1,-23.789828841997164,0.942837420749138,GEARS,16,448880
511,ORC5,-8.069772168646994,0.9482895514829959,GEARS,16,448880
512,EIF2B5,-0.7056655686641229,0.8824741072307333,GEARS,16,448880
513,FDXR,-14.690097542516853,0.951294125043625,GEARS,16,448880
514,ALG14,-6.43562402776068,0.9050074788875635,GEARS,16,448880
515,WAC,-5.638047424405755,0.941823422058681,GEARS,16,448880
516,NDUFA4,-20.19256988355856,0.9351834408897629,GEARS,16,448880
517,LSM12,-12.967235172548076,0.9333649939042761,GEARS,16,448880
518,TAMM41,-10.501436568523971,0.923160382330424,GEARS,16,448880
519,ATP6V0B,-8.384928126246374,0.9322156558939907,GEARS,16,448880
520,TOMM22,-5.066414169777815,0.9300675616514649,GEARS,16,448880
521,AIFM1,-18.943619522131375,0.9369155417098609,GEARS,16,448880
522,UFL1,-12.110274165510189,0.9497475097658299,GEARS,16,448880
523,BAP1,-4.061849463599025,0.9446339725364014,GEARS,16,448880
524,RPLP0,-1.5623857576534226,0.9143844728146298,GEARS,16,448880
525,NUP88,-1.0973988393192835,0.9289019507984768,GEARS,16,448880
526,CCDC130,-4.001443710573638,0.939675325649373,GEARS,16,448880
527,IWS1,-9.326132190255352,0.9245011658154281,GEARS,16,448880
528,DCTN4,-2.3034935989847654,0.8771342133173676,GEARS,16,448880
529,NELFCD,-3.5062449479758184,0.9089338272764405,GEARS,16,448880
530,NUP153,-3.2185686726653,0.9303868154682724,GEARS,16,448880
531,UPF2,-1.5049174031669228,0.9571097881288055,GEARS,16,448880
532,GET1,-17.089579602378855,0.9389477503422463,GEARS,16,448880
533,PRPF3,-1.423699438615012,0.8527726944896467,GEARS,16,448880
534,HSPA9,-2.0224647732752454,0.8592068411100577,GEARS,16,448880
535,DNMT1,-3.8993821039624565,0.9330050096122148,GEARS,16,448880
536,TNRC6A,-4.033077560219923,0.9148329177507019,GEARS,16,448880
537,PGK1,-8.24380972130418,0.943501488331058,GEARS,16,448880
538,ENO1,-13.609215167036485,0.9448166271951514,GEARS,16,448880
539,RPUSD3,-10.677174409036704,0.928892387718946,GEARS,16,448880
540,RPL35A,-0.8873106153502417,0.9120920003193312,GEARS,16,448880
541,HNRNPL,-9.514697830122227,0.9380614785575996,GEARS,16,448880
542,ZC3H13,-1.8567370256061504,0.8893534056651115,GEARS,16,448880
543,VEZT,-20.320999149117313,0.9315146609450575,GEARS,16,448880
544,UNC45A,-16.777225486422406,0.9420555217278909,GEARS,16,448880
545,NDC1,-9.216153848858916,0.9254300702551784,GEARS,16,448880
546,MRPL28,-18.962291814502446,0.9415078776354111,GEARS,16,448880
547,TRAPPC5,-0.7949288193835706,0.915916087780731,GEARS,16,448880
548,WDR77,-4.802779249919618,0.9503133140229201,GEARS,16,448880
549,TFB1M,-21.011107150182,0.9501742774466316,GEARS,16,448880
550,SPEN,-14.162596068765954,0.9463504257448607,GEARS,16,448880
551,BRIP1,-12.933520636487184,0.9520769768460547,GEARS,16,448880
552,NDUFA6,-21.893540061326906,0.9407682628828997,GEARS,16,448880
553,MRPL19,-9.623138626291857,0.9239089099674394,GEARS,16,448880
554,TIMM10,-3.306312157663217,0.9197325085238656,GEARS,16,448880
555,RPA3,-2.2841499254987214,0.9034332070764363,GEARS,16,448880
556,INPPL1,-9.121246604836276,0.9304032408685162,GEARS,16,448880
557,ELP3,-3.1515262328126887,0.8678914125386944,GEARS,16,448880
558,RPL23,-0.5180130021165175,0.9178113558443114,GEARS,16,448880
559,RABGGTB,-0.6557861966452108,0.9199942387491827,GEARS,16,448880
560,BTF3,-2.4006322532115214,0.9282613916616964,GEARS,16,448880
561,NUP133,-2.190081022209145,0.9137153871056597,GEARS,16,448880
562,SARS2,-13.054934501562226,0.9430305706098353,GEARS,16,448880
563,EEF2,-2.6561862675987737,0.9482208282284241,GEARS,16,448880
564,H2AFX,-18.660457790635938,0.9515945513709915,GEARS,16,448880
565,WNK1,-10.78750691127673,0.9392924775980369,GEARS,16,448880
566,MRPL20,-11.303326668232069,0.9421305849060254,GEARS,16,448880
567,NDUFS5,-19.08313237054082,0.9435045214968923,GEARS,16,448880
568,COPG1,-12.914578427676439,0.9555693203772371,GEARS,16,448880
569,MAD2L1,-3.444296819928387,0.9178427392942592,GEARS,16,448880
570,PRDM4,-15.58158105823545,0.9435852239335097,GEARS,16,448880
571,ATP5F1B,-16.679904866110082,0.9420914730293494,GEARS,16,448880
572,GTF3C5,-10.889489382169096,0.9309436999937405,GEARS,16,448880
573,HNRNPM,-19.334679649995564,0.9427853672107862,GEARS,16,448880
574,VPS25,-8.75087391680901,0.9419816911626919,GEARS,16,448880
575,MYSM1,-22.90465436031384,0.9386753139691332,GEARS,16,448880
576,SNRPC,-1.591678994119329,0.8412292534842174,GEARS,16,448880
577,POLD2,-2.4214322139708813,0.9372614683220262,GEARS,16,448880
578,CCNB1,-21.544481477490503,0.9411810064060253,GEARS,16,448880
579,TFB2M,-22.37087770746343,0.9356488444448823,GEARS,16,448880
580,CHMP6,-0.9566468631394476,0.9459890539815466,GEARS,16,448880
581,XRCC1,-18.283637324561074,0.9357260378563876,GEARS,16,448880
582,MMGT1,-20.397648753885115,0.9392837409278088,GEARS,16,448880
583,DTYMK,-15.65158908688317,0.9423975048858313,GEARS,16,448880
584,UHRF1,-5.392220602928647,0.9255960832834098,GEARS,16,448880
585,LRP5,-7.99885561501765,0.9413842272019131,GEARS,16,448880
586,PPP2CA,-3.968808389654293,0.9450931707447885,GEARS,16,448880
587,SLC7A6OS,-3.6658317286764994,0.9462256459767313,GEARS,16,448880
588,TBPL1,-7.828446355428143,0.9396817794633593,GEARS,16,448880
589,PSMC5,-0.06249289074187714,0.9292044352443892,GEARS,16,448880
590,NCOA4,-19.699230797805072,0.9446901367454715,GEARS,16,448880
591,PSME2,-21.34249211778629,0.9323854564263736,GEARS,16,448880
592,CDC16,-2.830804274036365,0.9418504270506014,GEARS,16,448880
593,CFDP1,-6.591716530897192,0.9167824925825031,GEARS,16,448880
594,MRPL46,-17.851926886135757,0.936580233244599,GEARS,16,448880
595,NUP98,-0.9757943865091256,0.911935839459042,GEARS,16,448880
596,NDUFB7,-20.57024879987124,0.937660518228634,GEARS,16,448880
597,METTL21A,-1.889778021814763,0.9564217993209859,GEARS,16,448880
598,BUB1B,-5.6925808787942715,0.9359397901777655,GEARS,16,448880
599,BCS1L,-21.460232521833515,0.9435817545853955,GEARS,16,448880
600,ELOVL1,-19.505761597933777,0.935675685925065,GEARS,16,448880
601,CDT1,-2.367146431166537,0.9006895508516268,GEARS,16,448880
602,USF2,-8.117970765149204,0.9203947410610223,GEARS,16,448880
603,SGPP1,-20.772334898407113,0.9408552433799996,GEARS,16,448880
604,RBMX2,-1.2188111916096442,0.909926210245635,GEARS,16,448880
605,CS,-13.095509155714113,0.9499520105759727,GEARS,16,448880
606,ARGLU1,-9.445032671535264,0.9212997246553525,GEARS,16,448880
607,NDUFAF3,-16.321065377751783,0.9489374427569308,GEARS,16,448880
608,MLLT6,-3.071575191990508,0.9243324511868932,GEARS,16,448880
609,METTL1,-15.26938922880582,0.9367064755365262,GEARS,16,448880
610,TRMT10C,-11.76813372123372,0.9500758994097346,GEARS,16,448880
611,SART1,-1.3410305240035858,0.7377256021083777,GEARS,16,448880
612,UBR5,-11.046441826053641,0.9301669661883714,GEARS,16,448880
613,IRF2BP2,-10.626113597975564,0.9385463253045886,GEARS,16,448880
614,KDM5C,-17.70936344453319,0.9440321400229267,GEARS,16,448880
615,SPTSSA,-16.90015448605381,0.9298299778864522,GEARS,16,448880
616,ACTR6,-5.892212203569449,0.9289218148788251,GEARS,16,448880
617,MRPS35,-18.790238915406793,0.9361159977659863,GEARS,16,448880
618,EIF2B3,-0.5966497087412448,0.8743223184262702,GEARS,16,448880
619,EFTUD2,-0.8363476496163746,0.8880974720910949,GEARS,16,448880
620,CNIH4,-16.292036993769166,0.9403842406434068,GEARS,16,448880
621,ELAC2,-6.005720371591816,0.9154038547192587,GEARS,16,448880
622,ELP5,-6.341170965367062,0.9105715580236006,GEARS,16,448880
623,KLC2,-23.035082519822385,0.9345268421423535,GEARS,16,448880
624,NASP,-10.96472236749027,0.9509366316024909,GEARS,16,448880
625,PTPMT1,-9.428604912893807,0.9535050378379785,GEARS,16,448880
626,MRPS28,-15.466188966751627,0.9364293354696098,GEARS,16,448880
627,ATP1A1,-14.980468740988139,0.9406843162086705,GEARS,16,448880
628,LSM10,-4.460405805847807,0.9555025162217816,GEARS,16,448880
629,ZNF236,-1.6800388118483789,0.9438095567227317,GEARS,16,448880
630,TUBGCP4,-2.454171291093993,0.9307117021023977,GEARS,16,448880
631,PABPC1,-3.0584705110469743,0.8719698777012996,GEARS,16,448880
632,MRPS23,-20.082474172017754,0.9347448106723508,GEARS,16,448880
633,CIAO1,-6.324707129217103,0.9213725128326892,GEARS,16,448880
634,CUL3,-2.3604775836895278,0.9538700791280101,GEARS,16,448880
635,DCTN2,-1.9238904503639613,0.9235533285793157,GEARS,16,448880
636,PGD,-10.800561811901536,0.9514500817587352,GEARS,16,448880
637,RTTN,-9.282039315242683,0.9307103189572044,GEARS,16,448880
638,MTOR,-2.7103088464068095,0.828171664698929,GEARS,16,448880
639,PSME1,-6.584700407906135,0.9480533823008455,GEARS,16,448880
640,HSPE1,-2.350147517363048,0.8841335318827301,GEARS,16,448880
641,SERBP1,-11.393220581438916,0.9362161642190695,GEARS,16,448880
642,EIF2B1,-1.2944654858087015,0.9092878033191599,GEARS,16,448880
643,GRPEL1,-2.3872415381752408,0.9001941420499525,GEARS,16,448880
644,SNRNP200,-0.4410746320896488,0.8512796468681026,GEARS,16,448880
645,TSFM,-19.031195668934235,0.9412905249526701,GEARS,16,448880
646,SUPV3L1,-15.10441420654685,0.9403374552463425,GEARS,16,448880
647,GMPPB,-17.801368732809138,0.9490397676102795,GEARS,16,448880
648,BPTF,-5.09827499149849,0.9348533743687079,GEARS,16,448880
649,WDR83OS,-17.45057305405121,0.9306208326130109,GEARS,16,448880
650,KCTD10,-6.521316733730201,0.9473042507166455,GEARS,16,448880
651,GBF1,-0.7262103884387483,0.9047377513672764,GEARS,16,448880
652,NDC80,-2.8457698918849745,0.9317009476407487,GEARS,16,448880
653,RCCD1,-7.182872281275554,0.9261386140475314,GEARS,16,448880
654,MEN1,-11.903636086208207,0.9270981960509725,GEARS,16,448880
655,PFDN4,-21.400810135050403,0.9360829958929359,GEARS,16,448880
656,TEFM,-6.406386687111759,0.9544363147142179,GEARS,16,448880
657,TRA2B,-6.886781904429048,0.946867936506976,GEARS,16,448880
